event_id,nHits
0,212
1,191
3,162
4,180
5,310
7,97
8,276
9,305
11,90
12,107
13,129
14,53
17,113
18,104
19,199
21,279
22,310
24,179
25,79
27,287
30,130
31,284
33,400
35,378
36,235
37,215
38,121
39,78
40,42
41,278
42,315
43,235
44,316
45,256
47,156
48,143
50,346
54,329
55,357
56,256
58,59
59,132
61,303
62,94
63,380
66,399
68,265
70,124
71,68
72,157
73,362
75,360
76,218
77,128
79,305
81,209
82,404
83,163
84,52
86,379
87,262
88,181
90,314
91,410
92,389
93,235
95,213
97,225
98,385
99,429
100,246
102,126
104,228
107,335
108,294
109,163
110,291
111,90
112,125
114,240
116,387
117,209
119,58
120,147
121,396
122,397
123,118
124,226
127,63
129,124
131,109
132,76
133,322
134,65
136,177
137,122
138,65
141,345
142,300
145,159
146,441
147,395
148,266
150,205
155,202
156,280
157,180
158,43
160,233
161,194
162,110
163,157
164,388
168,285
169,349
170,190
171,384
174,60
175,282
177,170
178,262
180,381
182,102
185,372
186,406
187,223
188,380
189,311
190,414
192,393
193,332
194,236
195,131
197,227
198,364
200,143
201,86
204,306
205,238
206,110
209,159
211,164
213,220
215,311
216,101
217,77
218,88
219,371
223,396
225,355
227,367
228,130
229,347
230,85
231,468
232,429
233,128
235,173
236,71
237,256
238,385
240,188
241,82
243,248
245,286
246,92
247,170
248,162
251,133
253,67
254,171
256,220
258,121
259,113
262,404
263,191
264,312
265,117
266,213
268,350
269,230
270,173
271,329
273,102
275,169
276,234
278,290
279,293
280,281
282,181
284,219
285,354
286,294
287,183
288,405
289,79
291,310
292,293
293,246
296,200
297,273
298,333
299,130
300,165
301,186
303,241
305,271
307,68
309,163
311,121
312,294
314,432
316,231
317,199
319,355
320,312
323,102
324,227
325,408
326,335
327,211
328,307
330,73
331,268
332,129
333,194
334,225
335,74
338,417
339,167
341,201
344,191
346,224
348,199
349,45
350,142
351,114
353,142
355,151
356,364
357,146
358,74
359,238
360,298
361,223
362,302
363,346
364,254
367,67
368,363
369,55
374,180
375,281
376,140
377,284
383,106
384,102
385,302
386,143
387,323
388,126
389,188
392,229
393,388
394,316
395,247
396,53
397,124
398,409
399,254
400,345
401,190
403,277
404,270
405,309
406,324
407,263
409,305
410,242
412,318
413,186
414,48
416,277
419,274
422,119
423,194
424,234
425,374
426,345
427,100
428,257
431,98
432,455
433,391
435,125
436,393
437,256
438,265
439,153
440,368
443,200
444,129
445,286
446,201
447,66
448,165
449,151
450,63
451,177
452,136
453,371
454,310
456,205
457,391
458,289
460,206
461,296
462,262
464,205
465,214
468,254
470,404
471,378
473,206
476,228
477,63
479,155
480,238
481,379
482,373
483,128
484,102
485,167
486,290
487,135
489,300
491,113
495,104
496,221
497,237
499,357
501,281
502,131
504,418
505,340
506,340
507,445
508,90
509,305
512,98
513,286
514,201
515,59
516,184
517,255
518,183
519,379
520,391
521,76
525,76
526,232
527,49
528,78
529,376
531,192
533,356
534,334
535,197
537,274
538,122
539,311
540,352
542,324
543,344
545,350
546,467
547,155
548,97
549,286
550,462
551,120
553,455
554,287
555,212
557,216
560,362
561,108
563,377
564,94
565,283
566,345
567,91
568,76
569,374
570,109
571,332
572,295
573,80
575,175
577,368
578,93
579,314
580,229
582,394
583,220
584,120
586,363
587,267
588,364
589,321
590,243
591,410
592,303
593,117
594,235
595,312
596,350
598,285
599,122
600,272
602,299
604,250
605,320
606,455
607,427
612,303
614,379
617,135
618,213
620,255
622,261
624,319
625,251
626,339
627,164
628,140
630,139
631,229
632,166
633,88
634,122
635,214
636,146
637,407
638,137
639,288
640,277
641,231
644,112
645,165
647,400
648,332
649,151
652,326
653,358
654,122
656,279
657,243
661,78
662,300
663,102
666,242
668,413
669,297
670,404
672,157
673,208
674,221
678,205
681,339
682,96
685,371
687,364
688,202
689,184
690,159
691,438
693,355
695,199
696,91
697,152
698,479
699,303
700,90
701,124
702,328
707,186
710,71
711,307
712,288
713,67
715,108
717,128
718,224
719,218
721,172
723,300
724,351
725,270
726,458
728,247
729,199
730,97
731,86
732,227
734,122
736,178
739,199
742,110
743,333
744,333
745,68
748,87
749,379
750,278
753,388
754,95
755,55
756,272
758,177
759,446
760,350
761,340
762,380
764,402
765,374
766,167
768,194
771,126
774,157
775,195
776,165
777,107
778,102
779,170
781,421
782,382
785,83
787,86
788,77
790,411
792,159
794,377
795,374
796,124
798,93
799,354
801,87
802,316
803,230
804,201
805,456
807,226
809,347
810,271
811,67
813,254
814,333
816,257
817,197
818,425
819,352
820,369
821,209
825,140
826,208
827,79
828,55
831,86
832,116
834,132
835,337
836,159
838,72
839,125
841,132
842,358
843,113
847,309
848,148
849,49
852,393
854,66
855,315
856,228
857,371
859,450
860,227
861,259
862,98
863,72
864,433
865,210
866,109
867,235
868,67
872,80
874,76
876,372
877,365
879,152
880,375
881,129
883,295
884,440
886,59
887,349
890,302
891,301
892,106
893,221
894,96
895,394
897,397
899,139
900,81
901,330
903,341
904,358
905,226
906,395
907,53
908,247
910,359
911,201
914,100
917,456
918,252
920,322
921,76
922,401
923,123
924,290
926,191
928,350
929,92
930,377
931,187
933,380
934,160
935,252
936,332
937,197
938,418
939,103
940,139
943,98
944,83
945,89
947,254
948,254
949,38
950,203
952,400
955,53
957,273
959,302
960,224
963,239
965,96
966,229
967,412
968,290
969,129
970,115
971,264
973,324
977,383
978,314
979,325
982,363
984,287
985,257
987,286
988,194
989,197
990,355
992,381
994,370
996,233
997,86
999,310
1000,121
1002,198
1004,333
1006,454
1007,150
1008,170
1010,408
1012,110
1015,295
1016,171
1017,157
1018,248
1021,259
1022,99
1024,174
1025,91
1026,111
1028,191
1029,87
1030,308
1031,86
1032,300
1033,55
1034,45
1037,97
1038,171
1039,68
1042,62
1044,54
1047,287
1050,157
1051,403
1053,172
1054,413
1055,73
1056,325
1057,136
1058,113
1059,154
1061,398
1062,92
1064,136
1065,175
1067,269
1068,104
1069,380
1071,171
1072,319
1073,73
1074,143
1075,319
1076,257
1078,171
1080,354
1081,271
1082,332
1085,80
1086,380
1088,281
1089,360
1091,339
1092,133
1093,340
1094,356
1096,110
1099,143
1100,285
1101,76
1103,229
1107,284
1108,201
1109,150
1110,383
1111,154
1112,206
1115,350
1117,352
1118,327
1119,353
1120,404
1121,230
1122,102
1123,180
1126,128
1127,81
1128,413
1129,221
1130,257
1131,259
1133,377
1134,92
1136,219
1138,108
1139,171
1140,354
1141,250
1142,410
1143,68
1144,200
1147,202
1148,328
1149,274
1150,414
1151,232
1152,310
1153,206
1154,347
1155,136
1156,163
1157,56
1161,167
1162,129
1163,428
1164,316
1166,155
1170,169
1172,291
1173,92
1174,56
1175,150
1176,157
1177,404
1178,344
1179,379
1180,365
1182,200
1183,217
1184,328
1185,93
1188,450
1190,246
1191,143
1193,113
1194,94
1195,315
1197,177
1198,89
1199,297
1200,390
1201,86
1202,105
1203,294
1205,237
1206,281
1207,332
1208,242
1209,164
1211,94
1213,169
1214,134
1219,57
1220,57
1221,252
1222,168
1224,294
1225,101
1229,174
1231,96
1232,316
1233,300
1234,217
1235,253
1236,244
1239,159
1242,358
1243,291
1244,139
1245,82
1246,381
1247,333
1248,390
1249,239
1251,91
1252,200
1253,257
1255,175
1256,165
1257,331
1258,355
1259,263
1260,425
1262,93
1263,321
1264,366
1265,91
1266,63
1267,251
1268,161
1271,39
1272,129
1274,197
1275,270
1278,323
1279,171
1280,379
1282,188
1284,148
1285,304
1288,181
1289,174
1290,68
1291,111
1293,150
1294,239
1296,189
1298,300
1300,86
1301,179
1303,105
1304,343
1306,396
1309,271
1310,291
1311,105
1312,302
1315,300
1316,192
1317,221
1318,397
1320,121
1321,253
1322,173
1323,188
1324,102
1329,114
1331,153
1332,416
1334,215
1335,184
1337,278
1338,178
1341,194
1342,128
1343,192
1347,221
1348,279
1350,80
1351,271
1358,326
1359,133
1361,182
1362,269
1364,270
1365,150
1368,287
1369,184
1371,229
1372,404
1373,235
1375,209
1376,50
1377,48
1379,103
1380,373
1381,161
1382,94
1383,119
1385,55
1386,321
1387,354
1388,308
1390,148
1391,329
1393,134
1394,137
1395,306
1396,244
1398,261
1399,343
1400,349
1404,70
1406,459
1407,211
1408,357
1409,330
1410,247
1412,206
1413,74
1416,258
1418,213
1419,236
1421,122
1422,320
1425,407
1426,306
1427,408
1431,323
1433,91
1434,120
1438,124
1441,307
1442,351
1443,45
1447,277
1448,157
1450,349
1451,292
1452,95
1453,360
1454,136
1455,141
1456,320
1457,381
1458,133
1460,72
1461,279
1462,154
1464,410
1465,234
1466,401
1467,340
1468,406
1469,79
1470,121
1471,109
1473,116
1474,241
1475,281
1476,205
1477,246
1479,77
1482,50
1483,195
1484,145
1485,367
1486,165
1487,410
1489,216
1491,80
1492,330
1494,396
1495,348
1496,172
1500,147
1501,169
1502,327
1503,129
1505,231
1506,327
1507,226
1508,103
1509,160
1510,387
1513,273
1514,75
1518,367
1520,376
1522,409
1524,88
1525,370
1527,277
1528,261
1529,263
1530,83
1531,290
1532,393
1533,72
1536,253
1537,390
1538,71
1539,186
1540,293
1541,199
1542,321
1544,69
1547,116
1548,451
1550,346
1551,365
1553,303
1554,386
1556,159
1558,209
1560,110
1561,230
1562,92
1564,48
1566,164
1568,117
1569,95
1573,214
1574,147
1575,237
1576,75
1578,229
1579,263
1580,288
1581,366
1582,134
1583,221
1585,141
1587,306
1588,168
1589,165
1591,398
1592,75
1593,373
1597,94
1598,303
1600,292
1601,367
1602,296
1603,278
1604,216
1605,447
1607,98
1608,375
1609,335
1611,115
1613,283
1615,306
1616,292
1619,284
1621,409
1622,170
1623,41
1625,106
1627,74
1628,378
1629,161
1630,390
1631,215
1632,318
1635,316
1636,259
1637,416
1638,161
1639,244
1640,257
1642,285
1643,123
1644,186
1646,302
1649,315
1651,377
1653,404
1654,257
1655,67
1656,212
1657,239
1658,256
1659,89
1660,224
1661,139
1662,421
1664,76
1665,360
1666,75
1669,233
1670,201
1671,162
1674,337
1675,378
1676,336
1677,58
1678,100
1679,301
1680,175
1681,417
1682,186
1683,99
1685,114
1686,333
1687,191
1688,312
1689,94
1690,83
1692,395
1693,249
1696,200
1698,119
1699,368
1700,120
1701,261
1702,464
1703,81
1704,372
1705,191
1706,321
1707,67
1711,381
1712,186
1713,414
1715,352
1716,206
1718,347
1719,157
1723,185
1724,360
1725,166
1728,235
1730,129
1731,350
1735,256
1736,250
1737,203
1738,173
1741,269
1742,329
1744,156
1746,312
1749,380
1750,334
1751,358
1755,328
1756,97
1758,361
1759,148
1760,214
1761,250
1762,350
1763,177
1765,318
1766,376
1767,197
1768,94
1769,129
1772,239
1773,324
1776,74
1777,75
1778,186
1779,291
1780,180
1781,54
1782,141
1784,265
1785,71
1787,322
1789,288
1790,174
1791,308
1794,209
1795,273
1796,236
1798,140
1799,370
1800,278
1803,370
1807,231
1808,55
1809,238
1811,58
1813,374
1814,197
1815,148
1817,111
1818,135
1820,434
1823,364
1824,144
1825,109
1826,74
1827,42
1831,154
1832,216
1833,306
1834,82
1835,276
1838,319
1839,393
1840,374
1841,121
1842,188
1843,153
1844,186
1845,415
1847,332
1848,162
1849,394
1851,187
1852,87
1854,169
1855,59
1856,324
1861,124
1863,155
1864,78
1866,348
1867,323
1868,185
1869,300
1870,214
1871,248
1872,219
1873,385
1874,241
1875,129
1878,164
1879,303
1880,100
1881,260
1882,186
1883,360
1886,338
1888,165
1890,179
1891,361
1892,193
1893,167
1894,372
1896,152
1898,345
1899,69
1900,183
1902,463
1903,380
1904,377
1905,117
1906,212
1908,323
1909,335
1912,276
1914,304
1915,312
1917,111
1918,422
1919,127
1922,380
1923,349
1924,149
1926,243
1927,118
1928,359
1930,216
1931,165
1932,346
1934,223
1935,134
1937,74
1939,98
1942,106
1943,237
1944,195
1947,114
1948,189
1949,83
1950,238
1951,299
1952,390
1953,190
1954,462
1955,45
1957,80
1958,271
1959,166
1960,178
1961,207
1962,139
1966,103
1967,114
1969,226
1970,128
1971,49
1972,165
1977,51
1978,107
1979,373
1980,108
1981,79
1983,302
1985,55
1986,142
1988,355
1989,69
1990,161
1991,244
1992,206
1993,270
1994,387
1995,263
1996,201
1997,192
1998,250
1999,144
2000,183
2003,421
2005,356
2007,54
2008,155
2009,73
2010,292
2016,177
2017,90
2018,381
2019,108
2020,177
2022,273
2023,137
2025,72
2026,95
2027,282
2028,304
2030,395
2032,411
2033,241
2034,296
2035,351
2036,66
2037,63
2038,296
2040,206
2041,443
2042,364
2043,293
2048,289
2049,71
2050,404
2051,188
2053,326
2054,152
2055,276
2057,303
2058,315
2059,81
2061,228
2063,370
2064,186
2067,238
2068,88
2069,227
2070,237
2071,300
2073,112
2074,92
2075,118
2077,117
2078,181
2079,155
2082,449
2083,383
2084,110
2085,177
2086,240
2087,65
2088,245
2091,262
2092,95
2096,201
2097,95
2099,301
2100,189
2102,202
2103,264
2104,304
2105,112
2108,181
2110,132
2111,249
2112,430
2113,121
2115,367
2116,342
2119,353
2120,157
2122,381
2123,73
2124,219
2125,181
2126,269
2128,229
2129,103
2130,316
2131,142
2132,347
2133,220
2134,284
2136,74
2137,462
2138,72
2140,172
2141,148
2144,365
2148,403
2149,287
2150,41
2153,312
2154,445
2155,46
2156,319
2159,169
2160,75
2161,344
2162,108
2163,303
2164,40
2165,287
2166,270
2168,278
2170,227
2172,69
2173,123
2175,203
2177,343
2178,294
2180,170
2181,350
2182,64
2183,288
2185,334
2186,335
2187,259
2189,174
2191,210
2192,41
2193,221
2194,168
2196,303
2197,70
2198,158
2199,293
2201,274
2202,141
2203,291
2204,106
2205,261
2206,417
2207,149
2209,349
2212,213
2213,281
2214,141
2215,364
2216,467
2217,179
2218,128
2219,308
2220,71
2221,416
2222,105
2223,368
2228,170
2229,187
2230,198
2231,241
2234,117
2235,325
2236,204
2237,309
2240,359
2241,125
2244,404
2245,56
2246,147
2247,117
2250,181
2251,264
2252,105
2253,226
2254,343
2255,115
2256,60
2257,227
2260,136
2261,72
2263,227
2264,176
2265,316
2266,317
2268,141
2269,239
2270,315
2271,281
2272,164
2274,353
2276,277
2278,163
2279,220
2280,316
2281,392
2282,240
2283,156
2284,183
2285,159
2286,42
2288,40
2289,76
2290,225
2292,261
2293,231
2295,220
2296,190
2297,294
2298,336
2300,268
2301,385
2302,256
2303,416
2304,387
2305,317
2307,350
2308,399
2309,366
2311,387
2313,283
2315,202
2316,379
2317,112
2318,133
2320,341
2321,237
2322,405
2323,242
2326,234
2327,400
2328,133
2330,33
2331,293
2333,173
2334,202
2335,382
2336,151
2337,390
2340,108
2342,377
2343,107
2344,88
2345,156
2346,266
2348,253
2349,402
2351,211
2354,400
2355,404
2357,240
2358,302
2359,257
2361,379
2363,140
2364,63
2365,430
2366,364
2368,63
2369,343
2370,258
2371,49
2374,427
2377,131
2378,58
2379,50
2380,386
2381,409
2382,82
2384,51
2385,227
2387,204
2388,173
2389,245
2391,190
2393,425
2394,269
2398,277
2400,140
2403,444
2404,218
2405,285
2408,245
2409,181
2411,435
2413,288
2415,49
2417,297
2418,185
2419,323
2420,96
2422,411
2423,362
2424,358
2425,418
2426,422
2427,239
2428,291
2431,231
2433,88
2434,428
2435,92
2436,184
2437,317
2438,144
2439,71
2440,67
2441,161
2444,205
2445,437
2446,328
2447,378
2452,352
2453,269
2455,301
2458,280
2459,126
2461,349
2462,124
2463,292
2464,252
2465,221
2466,65
2467,336
2469,161
2470,210
2471,230
2475,438
2476,119
2478,206
2480,179
2481,163
2484,62
2485,401
2486,183
2487,62
2490,396
2491,349
2493,325
2494,272
2495,299
2496,331
2498,153
2500,251
2501,302
2502,129
2503,126
2506,146
2508,147
2509,188
2511,341
2512,235
2515,275
2518,308
2519,394
2521,109
2525,339
2526,222
2528,136
2529,57
2530,332
2531,274
2532,359
2533,130
2534,115
2535,210
2537,184
2538,182
2539,159
2541,320
2542,142
2543,385
2544,222
2546,330
2547,49
2549,89
2550,317
2551,245
2554,337
2558,40
2561,362
2562,345
2564,141
2567,329
2568,81
2571,201
2572,95
2573,309
2574,409
2575,202
2578,367
2580,215
2581,218
2583,117
2584,258
2585,413
2586,206
2587,326
2590,244
2591,298
2592,220
2593,58
2594,296
2595,159
2597,180
2598,289
2600,218
2601,345
2602,330
2603,236
2604,364
2605,51
2607,116
2608,73
2609,353
2612,257
2614,338
2617,362
2621,378
2622,71
2624,457
2627,172
2628,376
2631,64
2633,362
2634,383
2636,66
2637,104
2639,192
2641,293
2644,362
2646,128
2647,59
2648,340
2650,180
2651,154
2652,472
2656,393
2657,287
2658,233
2659,199
2661,150
2662,141
2663,297
2664,204
2665,138
2666,282
2667,426
2668,270
2670,277
2671,344
2674,393
2675,107
2677,92
2679,158
2680,382
2682,367
2683,108
2684,183
2685,368
2687,280
2688,416
2689,186
2690,204
2691,134
2692,274
2693,198
2695,277
2696,210
2699,277
2701,429
2704,344
2705,175
2706,89
2708,81
2710,153
2711,272
2713,392
2715,331
2716,252
2717,360
2718,361
2719,203
2722,323
2724,396
2725,377
2727,78
2729,441
2730,94
2731,206
2732,420
2733,195
2734,318
2735,47
2736,174
2737,118
2738,335
2739,318
2740,308
2741,145
2742,147
2743,303
2745,345
2747,248
2749,334
2751,393
2754,135
2755,370
2758,461
2759,138
2760,137
2761,378
2762,137
2764,132
2766,182
2769,355
2770,331
2772,83
2773,423
2774,77
2775,431
2776,332
2777,422
2778,299
2779,142
2780,252
2781,62
2782,161
2783,112
2784,423
2787,224
2788,71
2789,314
2790,124
2791,303
2793,262
2795,276
2796,345
2797,324
2798,168
2800,293
2801,175
2802,306
2803,238
2804,249
2807,310
2808,85
2809,295
2810,358
2811,123
2812,320
2813,270
2814,299
2817,341
2818,181
2819,165
2820,123
2822,57
2823,88
2824,454
2825,318
2826,159
2828,334
2829,174
2830,72
2831,248
2832,67
2834,183
2835,350
2836,147
2840,221
2843,363
2845,303
2846,273
2847,402
2849,164
2850,89
2854,122
2855,400
2857,360
2859,353
2860,26
2862,249
2864,104
2865,288
2866,341
2870,312
2873,77
2874,116
2878,130
2879,215
2880,321
2881,170
2882,351
2883,205
2884,258
2885,76
2886,203
2887,257
2890,348
2896,295
2900,248
2901,52
2902,44
2903,383
2904,220
2905,115
2906,278
2908,168
2910,178
2911,118
2912,433
2913,162
2915,158
2916,86
2917,239
2918,384
2919,89
2920,68
2921,194
2922,272
2924,246
2925,383
2926,308
2927,141
2928,466
2929,355
2931,100
2934,210
2936,278
2937,192
2938,308
2940,327
2941,316
2942,143
2945,222
2946,297
2948,90
2950,340
2951,235
2952,315
2953,103
2954,190
2955,49
2958,356
2959,315
2960,361
2962,127
2963,395
2964,90
2965,199
2967,223
2968,330
2969,213
2971,341
2972,420
2974,335
2975,227
2977,204
2978,95
2979,288
2981,208
2982,320
2984,294
2985,225
2986,311
2988,355
2990,294
2991,281
2992,166
2993,166
2996,357
2999,384
3000,324
3001,240
3002,153
3004,98
3005,354
3006,235
3008,310
3009,329
3010,81
3011,144
3012,231
3013,427
3014,215
3016,253
3020,49
3021,309
3022,433
3023,404
3025,293
3026,332
3027,76
3028,162
3030,367
3032,210
3033,60
3034,413
3038,99
3039,81
3041,356
3042,134
3047,168
3048,72
3049,48
3050,349
3051,206
3053,193
3054,325
3056,266
3057,270
3063,120
3064,372
3065,237
3066,69
3068,192
3070,382
3071,181
3072,284
3074,102
3075,361
3076,421
3077,248
3078,302
3079,89
3080,203
3081,90
3082,82
3083,259
3087,71
3088,386
3089,52
3090,329
3091,114
3092,113
3093,288
3095,173
3096,326
3098,327
3099,387
3101,251
3103,326
3104,225
3106,164
3108,111
3110,163
3112,165
3114,114
3115,121
3117,168
3118,353
3119,254
3121,89
3124,177
3125,204
3127,413
3129,83
3130,343
3131,309
3132,192
3133,227
3134,311
3135,55
3136,68
3138,122
3139,201
3140,210
3141,359
3142,152
3144,109
3147,78
3148,427
3149,409
3150,291
3154,333
3157,130
3159,335
3161,350
3162,147
3163,128
3166,74
3172,334
3173,90
3174,154
3176,220
3178,295
3179,401
3180,126
3181,67
3182,115
3184,257
3185,347
3186,393
3191,141
3193,294
3194,126
3195,358
3196,251
3197,92
3200,391
3201,35
3202,169
3204,216
3205,109
3206,435
3208,303
3210,155
3211,313
3213,204
3214,71
3215,191
3217,143
3220,257
3222,80
3223,200
3224,128
3225,330
3228,396
3230,283
3232,426
3233,125
3235,160
3238,347
3240,403
3242,237
3243,117
3245,168
3246,389
3247,311
3248,313
3249,380
3252,293
3253,37
3254,169
3255,219
3256,78
3257,216
3258,403
3260,213
3262,286
3263,144
3264,347
3267,342
3270,257
3271,207
3272,421
3273,364
3274,170
3275,399
3277,114
3278,218
3281,241
3282,222
3284,347
3285,354
3286,99
3287,241
3289,396
3290,101
3291,114
3294,314
3295,221
3297,133
3298,233
3299,361
3304,134
3305,426
3306,88
3307,358
3308,74
3309,174
3310,73
3312,315
3313,358
3314,273
3315,136
3316,253
3317,299
3318,327
3320,321
3321,123
3322,427
3323,420
3324,318
3325,337
3326,331
3327,122
3328,125
3329,188
3330,89
3331,239
3333,234
3335,122
3337,180
3338,379
3339,266
3340,123
3342,233
3343,175
3344,270
3348,191
3349,107
3350,53
3351,388
3352,358
3353,373
3354,311
3355,306
3356,439
3357,131
3358,408
3359,369
3360,386
3361,127
3364,227
3365,371
3367,259
3368,361
3369,133
3370,273
3371,180
3372,287
3373,211
3374,124
3375,159
3376,114
3381,352
3382,191
3386,128
3387,248
3388,92
3389,284
3390,281
3391,141
3393,335
3395,302
3396,261
3399,127
3400,389
3401,434
3402,451
3404,67
3405,62
3406,439
3407,224
3410,223
3411,69
3416,400
3417,160
3419,332
3420,362
3421,346
3422,395
3423,53
3424,373
3425,78
3427,212
3428,209
3429,316
3430,154
3431,231
3432,66
3433,322
3434,47
3435,292
3438,300
3441,83
3442,402
3444,277
3446,286
3447,296
3448,150
3449,160
3450,55
3451,124
3453,360
3454,353
3455,263
3456,259
3457,282
3458,265
3459,108
3460,229
3463,215
3464,338
3467,152
3469,353
3470,118
3472,165
3475,279
3479,160
3481,140
3482,122
3484,407
3485,218
3486,305
3487,129
3488,150
3489,51
3490,67
3491,296
3492,140
3494,103
3496,239
3499,119
3500,233
3502,368
3505,75
3507,291
3509,80
3510,167
3511,39
3512,318
3515,91
3516,343
3517,223
3519,258
3520,379
3521,406
3524,193
3526,232
3527,315
3531,236
3532,156
3533,325
3534,226
3535,179
3540,100
3543,182
3544,89
3545,84
3550,61
3551,172
3553,285
3556,72
3557,48
3558,420
3559,443
3560,152
3561,271
3563,287
3564,256
3566,102
3568,191
3571,159
3572,409
3573,82
3574,378
3575,208
3576,309
3577,219
3579,156
3582,333
3584,461
3590,202
3591,365
3592,294
3593,200
3594,150
3595,333
3598,218
3599,90
3600,197
3602,173
3603,317
3604,321
3606,260
3612,340
3613,337
3614,229
3615,264
3616,115
3617,362
3618,194
3620,94
3622,187
3623,243
3624,167
3626,155
3631,342
3632,346
3633,43
3634,412
3635,248
3636,116
3637,132
3638,216
3639,294
3641,183
3643,74
3645,333
3646,396
3650,74
3652,200
3653,113
3654,45
3655,312
3656,386
3658,468
3662,214
3663,280
3664,140
3665,74
3666,427
3669,305
3670,337
3671,263
3672,70
3674,207
3675,363
3676,362
3677,207
3678,73
3679,393
3680,355
3684,85
3685,427
3686,316
3689,392
3690,278
3691,45
3692,109
3694,481
3696,291
3697,450
3698,410
3699,195
3700,118
3701,262
3702,80
3704,152
3706,290
3708,267
3709,239
3710,167
3712,209
3713,69
3714,296
3717,250
3718,208
3719,392
3720,299
3722,229
3724,352
3725,340
3726,270
3728,124
3730,160
3733,412
3734,108
3736,303
3737,226
3738,100
3740,334
3741,167
3743,193
3744,371
3745,410
3747,90
3748,381
3749,249
3751,132
3752,371
3753,290
3755,355
3756,214
3758,291
3759,85
3764,429
3767,95
3768,268
3769,308
3770,415
3771,82
3772,194
3774,348
3775,269
3777,179
3779,322
3780,209
3782,77
3783,316
3784,179
3785,147
3786,217
3787,78
3788,334
3789,300
3790,337
3791,338
3793,97
3794,327
3795,238
3796,128
3797,386
3798,242
3799,357
3800,323
3801,262
3802,281
3803,299
3804,124
3805,263
3806,190
3808,332
3809,133
3810,229
3811,325
3813,238
3814,216
3816,292
3818,373
3819,297
3820,170
3821,375
3822,103
3823,312
3825,370
3826,144
3827,71
3828,109
3829,177
3831,167
3833,170
3834,212
3835,285
3836,344
3837,353
3838,394
3839,142
3840,191
3842,166
3843,307
3844,227
3845,94
3846,356
3847,226
3848,267
3849,367
3850,311
3851,192
3852,314
3853,259
3855,134
3856,393
3857,422
3859,158
3861,147
3862,264
3863,172
3864,131
3865,192
3867,404
3868,64
3871,135
3874,298
3875,324
3876,320
3877,268
3878,225
3879,203
3880,81
3882,290
3885,93
3887,176
3888,304
3890,261
3895,346
3897,82
3898,229
3900,138
3901,335
3902,198
3906,146
3909,203
3911,271
3912,375
3913,76
3914,382
3915,176
3917,414
3918,313
3919,371
3922,269
3925,287
3926,188
3928,275
3929,64
3930,163
3932,230
3933,278
3934,267
3937,191
3939,367
3940,105
3942,71
3944,138
3945,272
3948,49
3949,331
3951,53
3953,168
3954,71
3960,287
3962,222
3963,148
3965,221
3966,383
3967,62
3970,429
3974,136
3975,200
3977,436
3978,255
3979,221
3981,381
3983,265
3984,319
3986,274
3987,135
3988,231
3990,159
3991,147
3992,76
3993,68
3994,195
3995,337
3996,66
3998,45
3999,328
4000,357
4001,172
4003,219
4006,335
4007,171
4008,245
4009,295
4010,76
4011,137
4013,324
4014,192
4015,85
4016,166
4017,414
4018,237
4019,165
4020,128
4022,112
4023,63
4024,217
4025,92
4026,297
4027,158
4029,259
4030,246
4031,256
4032,254
4033,252
4034,394
4035,408
4036,89
4037,279
4038,335
4040,415
4041,337
4042,191
4043,372
4044,271
4045,273
4046,334
4048,244
4049,357
4050,54
4052,214
4053,401
4054,323
4056,392
4057,368
4059,366
4060,376
4061,152
4062,138
4064,402
4065,460
4067,138
4068,116
4069,255
4070,312
4073,355
4074,90
4076,94
4077,289
4078,129
4079,200
4081,80
4084,197
4085,118
4086,326
4087,300
4088,183
4090,222
4091,203
4093,124
4094,149
4095,141
4096,247
4099,363
4100,65
4101,316
4102,171
4108,106
4110,176
4111,132
4114,197
4116,213
4118,410
4119,189
4120,437
4123,321
4127,191
4131,138
4132,258
4133,205
4136,167
4138,421
4139,210
4140,83
4141,205
4142,417
4143,151
4144,185
4145,228
4146,173
4149,255
4150,282
4151,75
4154,143
4155,240
4156,451
4157,274
4158,421
4161,342
4162,179
4164,75
4167,186
4168,79
4170,114
4173,134
4174,214
4175,456
4177,210
4180,200
4181,244
4182,356
4183,340
4185,207
4186,263
4187,224
4188,286
4189,462
4190,275
4191,348
4192,140
4193,68
4194,49
4195,84
4198,70
4200,418
4201,148
4202,242
4204,341
4205,442
4206,138
4208,400
4209,253
4210,147
4211,123
4212,205
4213,384
4214,246
4215,299
4216,160
4217,279
4219,163
4220,412
4221,257
4222,136
4224,218
4227,193
4229,87
4230,125
4231,337
4232,312
4235,341
4237,421
4243,337
4246,453
4247,60
4248,276
4249,153
4250,168
4252,235
4253,339
4254,370
4257,302
4258,145
4259,60
4260,77
4261,121
4263,283
4264,44
4265,342
4271,69
4277,223
4279,141
4282,98
4283,100
4284,117
4287,46
4288,194
4290,125
4292,165
4294,229
4295,133
4296,119
4299,56
4301,380
4302,244
4303,190
4305,368
4306,108
4307,230
4308,219
4309,357
4312,317
4317,83
4318,64
4319,56
4320,145
4322,93
4323,51
4324,215
4325,453
4326,181
4327,314
4331,66
4332,265
4333,275
4335,427
4336,276
4341,232
4343,96
4345,131
4346,93
4348,304
4349,335
4351,184
4352,402
4353,122
4356,316
4357,244
4358,59
4359,344
4361,96
4362,207
4363,321
4365,132
4366,348
4368,260
4369,302
4370,103
4372,141
4373,289
4375,152
4376,189
4377,380
4379,370
4380,237
4382,348
4385,380
4386,364
4390,185
4391,180
4392,368
4393,330
4394,395
4395,122
4396,83
4397,282
4398,244
4400,149
4401,133
4402,83
4403,120
4404,325
4405,100
4407,254
4410,425
4411,159
4412,62
4413,398
4415,262
4416,244
4421,185
4423,151
4424,132
4425,357
4426,98
4429,348
4430,248
4434,326
4436,126
4437,85
4439,353
4440,373
4441,344
4442,112
4445,201
4446,100
4447,173
4449,80
4451,436
4452,388
4453,411
4454,277
4455,268
4456,205
4457,148
4458,276
4459,170
4461,264
4462,161
4463,218
4464,340
4465,333
4466,416
4467,135
4470,214
4471,273
4472,187
4474,391
4475,137
4476,376
4477,210
4478,229
4480,189
4481,411
4483,56
4484,297
4486,221
4487,81
4492,127
4493,330
4495,342
4496,178
4498,74
4500,76
4501,412
4502,205
4503,395
4504,419
4506,197
4507,33
4508,138
4509,143
4510,406
4511,251
4512,175
4513,444
4514,45
4515,328
4516,202
4517,49
4519,340
4521,63
4524,423
4525,74
4527,57
4530,136
4531,130
4532,233
4533,296
4534,312
4536,335
4537,260
4538,163
4540,352
4541,373
4547,270
4548,293
4549,153
4550,183
4551,351
4552,300
4555,92
4556,271
4558,392
4559,389
4560,223
4561,381
4564,119
4565,237
4566,333
4568,94
4569,319
4571,191
4572,384
4573,298
4574,295
4575,128
4576,57
4578,147
4579,130
4580,337
4583,176
4584,186
4586,136
4587,171
4588,278
4589,347
4591,57
4592,58
4593,75
4594,404
4595,213
4596,231
4597,77
4600,56
4601,191
4602,171
4603,299
4606,58
4608,126
4609,169
4611,367
4612,87
4614,162
4615,275
4616,171
4618,85
4620,373
4622,163
4623,366
4624,341
4625,356
4626,121
4627,229
4628,230
4629,108
4630,121
4631,322
4632,70
4633,90
4634,323
4635,295
4639,229
4640,421
4641,177
4644,164
4645,426
4646,346
4647,245
4648,239
4649,362
4650,415
4651,336
4652,79
4653,296
4655,81
4656,107
4659,203
4662,98
4663,292
4664,107
4665,302
4667,251
4668,108
4670,120
4671,215
4672,254
4673,297
4674,96
4676,118
4677,249
4679,62
4681,344
4682,200
4684,301
4685,361
4686,107
4687,116
4689,176
4690,399
4692,283
4693,333
4694,295
4695,47
4697,266
4698,197
4699,169
4700,296
4701,412
4702,99
4703,294
4704,368
4705,266
4706,332
4707,368
4709,157
4710,154
4711,112
4712,108
4713,381
4716,157
4717,398
4718,167
4719,199
4720,105
4721,98
4723,137
4724,111
4725,139
4726,351
4727,231
4729,114
4731,344
4732,152
4734,170
4735,240
4737,199
4738,342
4739,270
4740,390
4741,227
4742,387
4745,70
4747,132
4748,247
4752,153
4753,379
4754,108
4756,341
4757,323
4759,365
4760,379
4761,70
4762,54
4764,180
4766,199
4767,341
4768,206
4769,90
4770,157
4771,387
4773,94
4774,133
4775,106
4776,182
4778,136
4779,185
4780,65
4781,193
4782,240
4785,103
4786,133
4787,331
4789,316
4790,220
4791,92
4792,198
4793,313
4794,355
4795,193
4796,304
4798,107
4801,136
4802,243
4806,246
4807,371
4808,354
4809,400
4810,159
4811,73
4812,233
4814,152
4816,324
4819,81
4820,169
4822,64
4823,111
4824,265
4826,291
4827,113
4828,186
4829,316
4830,198
4833,327
4834,135
4835,138
4836,416
4837,139
4840,113
4843,327
4845,197
4846,94
4847,91
4848,192
4852,69
4853,276
4854,384
4855,340
4856,227
4858,188
4860,230
4862,418
4863,175
4864,117
4866,131
4868,287
4869,231
4870,374
4871,223
4872,426
4873,70
4874,201
4875,253
4877,60
4878,269
4879,42
4880,143
4881,65
4882,85
4883,150
4884,91
4885,192
4886,158
4887,377
4888,286
4889,486
4893,188
4894,96
4895,404
4896,426
4897,291
4898,302
4902,291
4903,147
4904,376
4906,193
4909,198
4910,53
4911,315
4912,335
4913,186
4915,270
4916,395
4917,214
4918,61
4920,185
4922,315
4923,374
4925,86
4928,209
4931,397
4932,132
4933,352
4934,329
4936,262
4940,206
4941,59
4942,300
4943,107
4944,209
4947,367
4948,81
4949,231
4950,157
4953,154
4954,233
4955,209
4956,109
4958,118
4960,161
4962,147
4963,298
4965,45
4969,238
4970,187
4971,306
4973,363
4974,173
4975,226
4976,188
4977,300
4978,227
4979,362
4981,141
4982,137
4985,263
4986,75
4987,191
4988,102
4989,167
4990,408
4993,410
4994,385
4995,356
4996,287
4997,453
4998,60
4999,285
5000,95
5002,273
5003,72
5004,176
5006,351
5008,278
5009,255
5011,111
5012,237
5013,392
5014,316
5017,359
5019,282
5020,81
5022,172
5024,68
5025,119
5027,286
5028,60
5030,373
5031,124
5034,125
5035,62
5036,54
5037,433
5039,150
5040,352
5041,114
5045,123
5047,302
5048,344
5050,281
5051,350
5052,328
5054,84
5055,373
5056,344
5057,461
5059,97
5060,280
5061,208
5062,95
5063,41
5065,235
5066,264
5068,347
5070,330
5072,92
5073,229
5074,287
5075,450
5076,184
5077,159
5078,221
5079,79
5082,155
5084,154
5085,195
5087,47
5089,287
5092,252
5093,91
5094,393
5096,177
5098,418
5099,182
5100,304
5102,185
5103,140
5104,414
5106,196
5108,395
5109,88
5110,481
5111,205
5112,354
5113,157
5115,355
5116,322
5117,395
5118,366
5119,66
5120,123
5121,180
5122,391
5123,422
5125,461
5126,385
5128,103
5130,302
5131,59
5132,244
5135,300
5136,353
5139,148
5140,205
5143,381
5145,344
5146,414
5147,198
5148,233
5149,406
5151,80
5152,391
5154,218
5155,190
5157,182
5158,371
5159,428
5162,416
5163,131
5164,287
5165,122
5166,247
5169,175
5172,197
5174,423
5175,355
5176,165
5179,411
5180,133
5181,270
5182,129
5183,248
5184,112
5185,318
5188,118
5190,287
5195,263
5197,82
5198,206
5199,200
5200,322
5201,352
5202,167
5203,261
5204,359
5205,129
5207,295
5208,327
5210,306
5212,133
5214,340
5216,217
5217,270
5218,186
5220,146
5221,193
5223,379
5224,152
5225,235
5226,403
5227,250
5228,304
5229,359
5230,360
5231,120
5233,316
5235,273
5236,244
5238,130
5240,259
5241,93
5246,252
5247,86
5250,366
5253,125
5254,179
5255,260
5256,321
5257,89
5258,169
5259,94
5260,323
5262,203
5265,111
5266,366
5268,138
5270,107
5271,202
5272,138
5277,152
5278,163
5280,378
5281,137
5282,365
5283,176
5284,200
5285,203
5290,131
5291,251
5294,256
5295,56
5296,93
5298,373
5299,219
5300,47
5301,139
5302,376
5305,127
5308,191
5310,187
5311,178
5314,119
5317,238
5319,234
5320,116
5321,285
5322,300
5323,273
5325,294
5326,259
5327,177
5328,264
5331,127
5332,364
5333,76
5334,251
5336,396
5337,391
5339,407
5340,491
5343,471
5344,321
5345,339
5346,55
5347,377
5348,283
5350,450
5351,140
5352,216
5353,149
5354,222
5355,164
5358,364
5360,202
5363,172
5364,274
5366,214
5369,37
5370,85
5371,315
5373,155
5374,255
5375,492
5378,47
5379,306
5380,69
5381,161
5382,301
5383,127
5384,340
5385,484
5386,341
5387,277
5389,335
5391,222
5394,244
5395,91
5396,71
5398,219
5399,252
5401,378
5402,394
5404,369
5406,331
5408,310
5409,128
5410,307
5411,253
5413,122
5415,319
5416,313
5417,113
5418,319
5419,212
5420,105
5421,136
5422,172
5423,428
5424,329
5425,386
5426,383
5427,309
5428,161
5430,151
5432,253
5434,172
5435,259
5436,300
5437,306
5438,194
5439,64
5440,73
5442,263
5445,138
5446,392
5447,157
5448,236
5449,267
5450,152
5451,363
5452,171
5456,268
5461,193
5462,290
5466,54
5467,66
5469,122
5470,336
5471,212
5472,289
5473,193
5474,189
5477,398
5478,217
5479,78
5480,160
5481,242
5482,269
5483,274
5484,210
5485,449
5486,132
5488,158
5489,315
5491,223
5492,265
5493,367
5494,232
5495,175
5497,322
5499,194
5500,67
5501,262
5502,93
5504,171
5506,269
5507,279
5516,110
5517,260
5518,249
5520,386
5521,302
5523,274
5524,323
5525,265
5527,164
5528,127
5532,290
5533,364
5536,324
5538,236
5539,401
5541,78
5542,442
5543,315
5544,395
5545,245
5546,279
5549,187
5551,318
5553,387
5555,146
5556,147
5557,295
5559,176
5561,54
5563,127
5564,64
5565,99
5566,254
5567,391
5568,100
5569,151
5570,284
5571,126
5572,292
5574,170
5576,253
5577,296
5578,220
5579,68
5580,305
5581,180
5585,226
5586,201
5587,132
5590,346
5591,441
5593,92
5594,453
5597,315
5598,270
5599,260
5600,152
5601,210
5602,67
5603,330
5604,337
5605,51
5606,159
5608,356
5609,338
5610,127
5611,212
5614,72
5615,279
5617,75
5618,99
5620,292
5622,109
5623,256
5624,340
5625,166
5626,102
5627,116
5629,337
5630,168
5631,217
5632,321
5633,170
5635,208
5637,219
5638,200
5639,100
5640,350
5641,75
5643,398
5645,343
5646,292
5648,73
5649,255
5650,89
5651,291
5652,75
5654,71
5655,407
5656,108
5658,265
5661,343
5664,71
5665,156
5666,149
5667,358
5668,381
5669,372
5670,135
5673,155
5675,54
5676,184
5678,213
5679,158
5680,180
5682,233
5683,103
5688,323
5691,210
5692,175
5693,426
5696,232
5700,264
5701,294
5702,331
5703,201
5705,194
5706,226
5707,116
5709,104
5710,190
5711,222
5713,243
5714,217
5715,79
5716,227
5717,68
5719,423
5720,359
5722,175
5724,170
5725,143
5726,323
5727,337
5729,201
5730,221
5732,185
5733,206
5734,150
5735,157
5736,155
5738,414
5739,103
5742,371
5743,210
5745,400
5746,245
5749,54
5750,370
5751,172
5752,90
5753,261
5754,131
5755,216
5756,86
5757,374
5760,332
5762,260
5763,397
5765,395
5766,399
5767,386
5770,162
5771,256
5772,307
5774,159
5777,163
5779,84
5780,260
5781,371
5783,281
5784,264
5785,182
5786,389
5787,222
5789,409
5790,168
5791,256
5792,354
5794,296
5795,277
5797,363
5800,386
5802,366
5804,337
5805,209
5809,172
5810,219
5811,123
5812,268
5817,218
5820,78
5822,318
5825,302
5827,231
5828,181
5830,58
5831,157
5832,85
5833,387
5834,270
5835,273
5836,184
5837,239
5838,269
5839,341
5840,109
5842,358
5843,375
5844,272
5846,122
5848,371
5851,191
5855,234
5856,68
5858,415
5863,136
5864,439
5865,317
5867,412
5868,344
5869,294
5871,174
5872,423
5873,233
5875,119
5877,180
5878,331
5879,328
5881,83
5882,144
5883,326
5885,389
5886,114
5887,297
5888,139
5890,301
5892,51
5893,167
5894,299
5895,392
5896,406
5897,115
5898,342
5900,205
5901,359
5902,248
5903,302
5904,224
5906,102
5907,131
5908,410
5909,57
5910,197
5911,339
5912,68
5913,368
5914,431
5915,445
5918,56
5919,123
5920,110
5921,111
5922,48
5923,135
5924,354
5926,394
5927,59
5928,86
5932,161
5933,402
5935,257
5937,238
5938,355
5941,343
5942,221
5943,132
5945,93
5946,104
5947,46
5948,172
5950,363
5951,296
5952,213
5953,36
5954,107
5955,128
5957,158
5959,157
5960,174
5961,386
5962,60
5965,79
5966,313
5967,244
5968,272
5969,227
5970,62
5971,75
5972,77
5973,115
5976,217
5977,259
5978,319
5980,174
5981,197
5982,123
5983,237
5984,176
5985,455
5987,382
5989,392
5990,379
5991,318
5992,230
5993,151
5994,427
5995,95
5996,359
5997,311
5998,162
5999,109
6002,220
6003,430
6004,322
6006,96
6008,124
6009,238
6010,164
6011,203
6012,91
6015,316
6017,391
6018,293
6019,318
6021,306
6022,188
6026,354
6027,299
6028,337
6031,299
6032,74
6033,397
6034,381
6035,224
6037,131
6038,260
6040,252
6041,464
6045,397
6046,420
6049,265
6050,385
6051,321
6053,226
6054,58
6055,205
6056,281
6058,217
6059,348
6061,135
6065,265
6066,319
6068,60
6071,163
6072,390
6073,403
6075,197
6076,127
6077,269
6078,146
6079,227
6080,321
6082,269
6083,311
6084,161
6085,298
6086,326
6087,456
6088,122
6089,419
6090,216
6091,403
6092,80
6093,167
6096,317
6097,261
6100,136
6101,222
6102,154
6103,195
6104,454
6105,80
6107,94
6108,151
6109,259
6110,146
6113,75
6114,283
6116,94
6120,337
6121,393
6122,179
6123,148
6124,298
6125,60
6126,170
6127,153
6128,302
6129,94
6134,70
6135,430
6136,335
6137,354
6139,186
6140,208
6141,395
6142,126
6144,61
6145,244
6146,141
6148,165
6149,62
6150,213
6152,95
6153,249
6155,189
6157,124
6158,42
6160,288
6161,240
6163,161
6164,57
6166,96
6167,250
6168,132
6169,84
6171,63
6172,217
6173,307
6174,73
6175,239
6178,200
6179,61
6182,89
6183,351
6185,363
6186,100
6187,315
6189,257
6192,142
6196,398
6201,371
6202,102
6206,297
6208,356
6209,364
6210,279
6211,337
6212,403
6213,224
6215,204
6217,305
6218,394
6219,279
6220,315
6221,276
6223,70
6224,134
6229,133
6230,208
6231,421
6232,322
6233,191
6240,202
6241,200
6245,45
6246,312
6247,92
6248,75
6249,96
6250,295
6251,166
6253,196
6254,271
6255,55
6258,263
6259,55
6260,280
6261,128
6264,320
6265,185
6268,334
6270,159
6271,85
6274,271
6275,187
6276,270
6277,261
6278,219
6279,361
6280,179
6283,265
6284,359
6285,401
6286,281
6289,246
6290,54
6291,312
6292,279
6293,101
6297,232
6298,379
6301,266
6303,191
6304,54
6305,262
6306,207
6307,54
6308,83
6310,380
6312,208
6313,192
6315,450
6316,357
6319,355
6320,256
6321,89
6322,178
6324,297
6325,435
6326,365
6328,248
6331,200
6332,113
6335,291
6337,272
6339,373
6340,251
6341,221
6342,173
6343,65
6345,277
6347,433
6348,44
6349,135
6352,259
6354,160
6355,44
6356,426
6357,49
6358,196
6359,233
6360,80
6363,121
6365,56
6366,212
6367,49
6368,252
6369,75
6371,202
6372,49
6374,187
6376,360
6377,128
6379,314
6381,439
6382,148
6385,96
6387,164
6390,201
6392,367
6394,368
6395,170
6401,259
6402,158
6403,428
6405,128
6409,195
6410,246
6412,251
6413,371
6414,295
6415,394
6417,139
6418,74
6421,416
6423,194
6424,206
6425,98
6427,375
6428,121
6429,102
6430,72
6433,278
6434,383
6437,324
6438,396
6439,175
6440,164
6441,135
6442,198
6444,109
6445,373
6448,128
6450,169
6451,440
6452,154
6454,169
6456,164
6458,326
6460,314
6461,254
6462,257
6463,373
6465,306
6467,248
6468,149
6470,91
6471,187
6472,288
6474,420
6477,145
6478,56
6482,33
6483,349
6484,292
6485,370
6486,324
6488,300
6489,57
6490,361
6493,70
6494,75
6495,175
6496,149
6497,132
6498,288
6499,134
6500,208
6503,140
6504,242
6505,451
6506,300
6508,249
6509,110
6511,150
6512,244
6513,207
6514,433
6515,296
6517,407
6520,159
6521,259
6522,465
6524,256
6525,179
6526,235
6527,187
6528,390
6529,152
6530,104
6531,375
6532,59
6533,328
6534,188
6535,269
6538,56
6540,416
6541,274
6542,174
6543,254
6544,279
6545,321
6546,80
6547,316
6548,336
6549,342
6550,261
6551,317
6552,181
6553,278
6554,273
6555,188
6556,68
6557,195
6558,87
6560,97
6561,176
6563,62
6566,171
6567,387
6568,344
6570,69
6571,213
6572,325
6573,199
6574,172
6577,153
6578,165
6580,362
6582,353
6583,60
6584,149
6585,134
6586,111
6587,363
6588,343
6591,130
6592,242
6593,259
6596,208
6599,138
6600,295
6601,70
6602,280
6604,116
6605,89
6606,255
6608,66
6610,149
6611,219
6612,92
6613,161
6614,310
6615,268
6616,214
6617,169
6618,362
6619,233
6622,401
6623,340
6624,85
6625,241
6626,324
6628,380
6632,275
6634,341
6636,43
6638,217
6639,269
6641,414
6642,180
6643,56
6646,108
6647,87
6650,186
6654,291
6655,271
6657,58
6659,161
6660,361
6661,333
6662,196
6663,139
6666,43
6667,247
6668,309
6669,102
6670,218
6671,309
6673,198
6674,58
6675,48
6676,392
6677,397
6678,346
6679,114
6682,75
6683,391
6688,161
6689,368
6690,162
6691,163
6692,216
6693,178
6694,389
6695,207
6697,149
6700,170
6704,368
6705,374
6707,436
6708,375
6709,390
6711,245
6712,328
6713,232
6714,159
6716,106
6717,244
6718,214
6719,131
6720,273
6721,367
6722,378
6723,87
6724,209
6729,168
6730,459
6731,262
6732,160
6733,200
6734,245
6735,300
6736,95
6738,84
6739,98
6740,73
6741,367
6742,41
6743,311
6744,312
6745,103
6746,158
6747,490
6749,87
6752,423
6753,128
6754,330
6757,330
6758,354
6759,219
6761,292
6762,235
6763,328
6764,192
6768,290
6769,172
6771,385
6772,354
6774,114
6775,299
6776,228
6778,207
6779,271
6780,205
6783,413
6786,387
6787,298
6788,423
6789,254
6790,315
6791,104
6794,111
6795,386
6796,247
6797,248
6798,88
6800,284
6801,75
6802,346
6804,165
6805,51
6806,112
6809,149
6810,88
6811,295
6812,138
6814,116
6815,180
6816,145
6817,95
6818,395
6819,168
6820,81
6821,279
6822,307
6823,175
6828,77
6830,394
6831,415
6832,340
6834,363
6835,264
6838,72
6840,174
6841,390
6843,95
6844,223
6845,35
6846,195
6847,224
6848,241
6849,409
6850,334
6852,173
6854,179
6855,246
6856,250
6857,267
6858,140
6862,172
6863,386
6865,255
6866,152
6867,89
6868,421
6869,158
6870,255
6871,281
6872,256
6873,352
6874,361
6875,173
6877,263
6879,353
6880,198
6881,79
6886,66
6887,244
6888,178
6889,58
6891,42
6892,419
6893,210
6896,89
6897,270
6898,113
6899,412
6901,432
6903,286
6904,312
6906,206
6907,405
6908,257
6909,373
6911,380
6912,248
6913,360
6915,351
6917,235
6918,237
6919,116
6920,69
6922,422
6923,339
6924,321
6925,193
6926,90
6927,96
6928,105
6929,204
6930,304
6932,315
6933,388
6939,211
6940,257
6942,417
6943,427
6945,110
6946,219
6948,122
6949,298
6950,108
6951,177
6952,175
6953,223
6955,106
6956,479
6958,416
6959,394
6960,114
6961,365
6962,223
6963,165
6965,360
6967,120
6969,129
6972,413
6973,179
6978,91
6979,150
6982,336
6985,52
6986,60
6988,94
6990,82
6991,106
6992,418
6994,272
6995,183
6996,348
6999,153
7001,279
7002,43
7003,291
7004,99
7005,372
7009,248
7010,309
7012,124
7014,322
7015,144
7017,261
7020,97
7021,303
7023,115
7024,135
7025,427
7027,362
7028,357
7029,269
7031,199
7032,380
7034,342
7035,378
7036,54
7037,135
7038,132
7039,118
7040,367
7042,175
7043,504
7045,208
7046,277
7048,306
7049,267
7050,283
7051,224
7052,213
7053,129
7055,393
7056,202
7057,59
7058,99
7059,325
7061,127
7062,303
7063,68
7065,375
7068,221
7069,311
7070,91
7071,211
7072,435
7073,59
7076,412
7077,290
7078,441
7079,391
7080,363
7081,278
7082,400
7086,319
7087,258
7088,213
7089,49
7091,280
7092,56
7093,359
7094,304
7095,277
7096,197
7097,380
7099,106
7101,391
7102,55
7103,243
7104,295
7106,403
7107,248
7108,251
7109,247
7110,353
7111,191
7112,235
7114,413
7115,295
7116,141
7117,132
7119,68
7121,103
7122,152
7123,194
7124,294
7125,251
7126,413
7127,333
7128,301
7129,382
7130,124
7131,396
7132,316
7134,172
7135,201
7136,209
7137,217
7140,88
7141,181
7142,299
7144,80
7145,187
7146,81
7147,331
7148,261
7149,224
7150,186
7151,328
7152,342
7153,108
7154,135
7156,232
7157,426
7158,166
7159,287
7165,365
7167,115
7168,159
7169,65
7171,88
7172,409
7173,146
7177,373
7179,305
7181,106
7182,360
7183,398
7184,336
7189,368
7193,381
7194,229
7195,330
7196,201
7197,280
7198,89
7199,136
7200,173
7202,114
7203,220
7204,77
7205,176
7206,168
7207,97
7208,151
7210,132
7211,353
7212,404
7213,131
7214,177
7215,52
7218,186
7219,293
7221,68
7226,182
7227,47
7230,219
7231,342
7233,288
7234,85
7235,139
7237,351
7239,52
7240,328
7241,214
7242,191
7244,133
7245,54
7246,452
7247,452
7248,206
7249,51
7250,322
7252,280
7253,134
7254,263
7255,325
7256,180
7257,369
7259,325
7261,78
7262,397
7263,196
7264,214
7265,111
7266,247
7267,288
7269,236
7270,117
7271,339
7273,349
7274,351
7275,171
7277,371
7278,316
7280,325
7281,290
7286,180
7287,342
7288,131
7290,204
7291,98
7293,86
7294,243
7295,306
7297,245
7298,411
7299,120
7300,228
7301,235
7303,147
7304,282
7305,352
7307,279
7310,128
7311,222
7315,98
7316,179
7318,466
7319,171
7320,136
7321,333
7322,72
7326,194
7327,248
7328,309
7329,53
7330,280
7331,333
7333,175
7334,185
7335,361
7337,423
7338,194
7340,174
7342,329
7343,366
7344,452
7345,399
7347,351
7348,97
7349,89
7350,69
7351,114
7352,329
7353,80
7355,50
7362,67
7363,271
7366,184
7370,168
7371,85
7373,121
7375,101
7376,98
7378,390
7380,274
7381,296
7382,211
7385,127
7386,169
7387,70
7388,370
7390,230
7392,367
7393,321
7394,45
7395,265
7396,155
7399,330
7401,145
7402,388
7403,160
7404,184
7405,190
7406,315
7407,257
7408,387
7410,48
7413,60
7415,52
7416,198
7417,284
7418,175
7421,121
7422,327
7424,426
7425,95
7426,138
7427,310
7428,289
7429,292
7431,382
7432,319
7434,468
7435,115
7436,464
7439,385
7443,370
7445,310
7446,154
7447,344
7448,107
7449,77
7451,360
7452,310
7454,191
7456,191
7457,169
7460,277
7461,151
7464,287
7465,460
7466,113
7468,268
7469,451
7471,164
7472,244
7474,174
7475,132
7478,386
7479,78
7482,225
7483,225
7484,66
7485,86
7488,102
7493,159
7494,332
7498,78
7500,362
7501,360
7502,247
7504,120
7505,424
7507,413
7508,110
7509,197
7510,281
7511,423
7512,126
7515,332
7516,373
7517,166
7518,75
7519,185
7520,260
7523,380
7528,131
7530,340
7531,304
7532,69
7533,309
7534,241
7536,78
7537,146
7539,308
7540,96
7542,336
7543,126
7544,255
7546,202
7547,300
7548,67
7549,151
7550,70
7551,179
7552,360
7553,254
7554,266
7556,332
7557,89
7558,316
7559,254
7560,79
7561,347
7562,135
7563,137
7564,243
7567,275
7570,231
7571,355
7572,198
7573,212
7574,210
7575,43
7576,242
7577,132
7578,404
7579,168
7580,310
7583,58
7585,239
7586,275
7587,207
7588,69
7589,303
7590,339
7591,129
7595,273
7598,219
7599,73
7601,332
7602,144
7606,355
7607,190
7609,272
7610,151
7611,295
7612,239
7613,398
7614,190
7616,106
7618,188
7619,32
7620,56
7622,240
7623,252
7625,206
7626,95
7627,393
7628,336
7629,51
7630,255
7631,113
7632,73
7637,304
7638,278
7639,212
7640,282
7641,365
7642,98
7643,415
7644,258
7645,317
7646,61
7648,37
7649,300
7651,339
7653,246
7654,244
7655,78
7656,266
7658,306
7659,191
7660,277
7661,158
7662,109
7663,283
7665,178
7666,343
7667,415
7668,94
7670,380
7672,215
7673,342
7677,310
7678,58
7681,400
7682,115
7683,431
7684,210
7685,132
7686,154
7689,79
7690,260
7691,266
7692,105
7693,159
7695,131
7697,140
7698,305
7699,89
7701,369
7702,418
7703,255
7704,94
7705,250
7706,44
7707,188
7709,265
7710,385
7711,265
7713,369
7714,224
7716,105
7717,215
7718,317
7720,328
7722,241
7723,69
7725,290
7727,307
7728,71
7730,205
7731,306
7734,350
7735,465
7736,174
7738,345
7740,260
7741,388
7742,155
7743,300
7746,191
7747,270
7748,119
7751,190
7755,333
7757,298
7758,175
7759,228
7760,260
7761,317
7762,433
7763,290
7765,404
7766,150
7767,297
7768,192
7769,307
7770,328
7771,84
7773,177
7774,60
7775,298
7776,88
7777,131
7779,372
7781,285
7785,95
7786,376
7787,346
7788,349
7789,336
7790,396
7792,71
7793,145
7794,169
7795,272
7796,299
7797,227
7799,46
7800,114
7801,189
7802,307
7803,292
7804,173
7805,166
7806,322
7807,39
7808,96
7811,373
7812,347
7813,223
7815,398
7816,112
7819,184
7820,284
7821,410
7823,177
7824,51
7827,360
7828,71
7829,244
7830,202
7831,263
7832,100
7834,298
7835,229
7836,377
7837,77
7840,138
7841,66
7845,355
7846,132
7847,249
7848,342
7849,217
7850,70
7852,185
7853,172
7854,400
7857,125
7859,192
7862,240
7863,214
7865,303
7866,282
7868,329
7869,139
7870,452
7871,406
7872,393
7873,127
7876,131
7879,348
7881,408
7883,264
7884,291
7885,106
7888,426
7889,69
7894,271
7896,250
7897,231
7899,335
7900,309
7902,182
7905,148
7907,293
7908,192
7909,204
7911,39
7912,362
7913,257
7915,261
7916,244
7917,278
7918,416
7920,400
7923,55
7925,455
7926,79
7927,340
7929,295
7932,390
7933,75
7935,211
7937,228
7940,69
7941,405
7942,256
7943,136
7944,188
7945,355
7948,251
7950,308
7951,146
7953,152
7954,327
7956,417
7958,118
7959,83
7960,142
7961,291
7962,186
7963,382
7964,299
7965,349
7966,420
7967,380
7969,239
7970,295
7971,63
7972,105
7974,333
7976,132
7979,75
7981,94
7982,155
7983,258
7985,323
7986,294
7989,397
7990,207
7992,244
7993,247
7995,59
7996,189
7997,173
7998,219
7999,146
8000,250
8002,325
8004,101
8005,79
8006,96
8007,413
8008,44
8009,275
8010,255
8013,181
8014,398
8016,323
8019,95
8023,221
8025,56
8027,287
8029,292
8032,81
8033,93
8034,105
8036,215
8038,341
8039,135
8041,188
8042,191
8043,314
8044,323
8050,252
8051,100
8052,90
8053,83
8054,334
8058,233
8059,111
8060,330
8061,353
8062,364
8063,111
8064,46
8065,209
8066,262
8067,371
8070,299
8071,283
8072,167
8074,389
8076,234
8077,276
8078,141
8079,240
8080,289
8083,332
8084,330
8086,287
8088,211
8089,429
8090,115
8092,291
8095,339
8098,367
8099,357
8102,153
8106,199
8110,366
8111,419
8113,121
8115,179
8116,182
8118,123
8119,405
8120,289
8121,253
8122,115
8123,70
8125,299
8126,383
8128,296
8130,289
8131,330
8132,203
8133,438
8134,231
8135,191
8137,370
8139,317
8140,174
8143,251
8145,279
8146,261
8147,345
8148,251
8149,253
8150,320
8153,292
8154,108
8155,111
8156,354
8158,225
8159,230
8161,287
8162,150
8163,281
8165,145
8168,97
8169,308
8170,137
8171,53
8172,256
8175,343
8176,102
8177,338
8178,354
8180,147
8181,279
8182,255
8184,420
8185,413
8186,123
8187,276
8188,359
8189,358
8191,455
8192,351
8193,209
8195,127
8196,203
8197,220
8198,160
8200,169
8201,149
8202,60
8203,59
8205,366
8206,198
8208,404
8209,195
8210,267
8213,335
8215,429
8216,314
8218,235
8219,271
8220,405
8224,404
8225,114
8227,108
8229,307
8230,37
8231,180
8232,71
8234,326
8237,427
8238,214
8241,153
8242,124
8244,195
8245,107
8246,127
8247,291
8248,103
8249,377
8251,330
8252,433
8254,76
8257,257
8260,114
8261,291
8263,78
8264,327
8266,143
8267,313
8268,63
8269,448
8270,362
8272,101
8273,181
8275,241
8276,99
8278,96
8283,263
8284,216
8285,151
8286,235
8289,332
8290,378
8291,195
8292,267
8293,295
8295,52
8298,233
8300,284
8301,322
8302,88
8303,55
8304,303
8306,203
8307,257
8308,437
8311,320
8312,378
8314,452
8315,60
8317,284
8318,290
8319,143
8320,44
8321,315
8323,180
8324,183
8325,121
8327,165
8329,69
8331,356
8332,261
8335,210
8336,303
8337,171
8338,234
8340,226
8343,85
8344,403
8345,111
8346,191
8349,410
8355,69
8357,327
8358,344
8359,323
8361,170
8363,316
8365,201
8366,59
8367,426
8368,350
8369,181
8370,324
8371,227
8372,362
8373,123
8374,245
8375,433
8376,361
8378,286
8379,277
8381,353
8382,261
8384,103
8386,373
8387,134
8390,95
8391,122
8392,150
8394,344
8397,145
8398,334
8399,269
8400,270
8401,210
8402,401
8405,238
8406,182
8407,233
8410,64
8411,270
8412,405
8414,127
8415,370
8416,261
8418,151
8419,284
8420,129
8422,98
8423,194
8424,299
8425,323
8426,195
8427,143
8428,106
8429,423
8432,119
8433,67
8434,248
8435,303
8436,283
8439,414
8441,293
8445,165
8447,217
8450,162
8451,359
8452,169
8453,114
8455,334
8456,73
8457,322
8459,209
8461,60
8463,68
8464,201
8465,310
8466,307
8467,293
8470,213
8471,390
8473,77
8474,208
8475,186
8477,209
8480,126
8481,398
8482,137
8483,121
8484,48
8485,124
8486,195
8487,302
8488,326
8489,397
8490,380
8491,393
8492,123
8495,115
8496,132
8497,318
8498,153
8500,72
8501,219
8502,57
8503,359
8504,150
8506,109
8507,330
8509,84
8510,318
8511,381
8513,193
8517,208
8520,78
8521,283
8523,195
8525,229
8526,281
8528,339
8529,114
8531,225
8532,79
8533,234
8535,81
8536,366
8538,179
8539,49
8540,214
8541,55
8542,375
8543,61
8544,343
8545,179
8546,304
8547,179
8549,139
8550,76
8551,221
8552,80
8553,254
8554,66
8555,253
8557,229
8559,452
8561,88
8562,344
8563,271
8564,166
8565,115
8567,268
8568,201
8569,209
8571,345
8572,95
8573,77
8574,335
8577,266
8579,180
8581,115
8583,185
8584,84
8585,225
8586,220
8587,166
8589,314
8590,293
8593,277
8594,188
8595,112
8597,293
8599,122
8600,394
8604,193
8605,141
8608,399
8609,402
8610,205
8613,203
8617,48
8618,348
8622,143
8624,351
8626,58
8629,386
8630,96
8631,425
8633,300
8638,168
8639,84
8640,310
8641,238
8644,142
8647,150
8648,251
8650,194
8651,330
8652,281
8655,173
8657,351
8658,223
8659,244
8660,242
8662,221
8664,173
8666,131
8669,397
8670,96
8671,164
8672,237
8673,369
8674,313
8675,390
8676,148
8678,267
8682,110
8683,330
8684,388
8685,263
8686,263
8687,324
8688,170
8689,329
8692,230
8694,271
8695,182
8697,106
8699,287
8700,54
8702,238
8704,79
8705,229
8706,445
8707,158
8708,143
8709,410
8710,149
8711,224
8712,121
8714,313
8716,89
8718,444
8720,243
8722,183
8725,209
8726,201
8727,113
8728,60
8729,64
8731,342
8732,85
8733,157
8735,209
8736,216
8739,101
8740,290
8742,330
8743,407
8744,342
8746,374
8747,470
8748,222
8749,293
8752,259
8756,122
8757,321
8758,87
8759,270
8761,149
8765,76
8766,202
8767,148
8770,240
8771,198
8772,140
8775,47
8776,138
8777,175
8779,132
8780,276
8785,293
8786,367
8787,187
8788,134
8789,241
8792,338
8793,144
8794,56
8797,308
8799,53
8801,233
8802,304
8803,59
8805,256
8808,415
8809,319
8810,391
8811,101
8812,310
8813,414
8814,106
8818,68
8819,374
8820,59
8821,204
8823,193
8824,135
8826,258
8827,95
8828,416
8831,321
8832,112
8834,137
8837,326
8838,203
8839,261
8840,320
8842,175
8843,97
8848,175
8849,369
8850,149
8851,390
8852,329
8853,107
8854,213
8855,300
8857,185
8859,93
8861,454
8862,356
8863,109
8864,176
8865,145
8866,210
8868,400
8869,134
8872,290
8874,294
8876,370
8877,331
8879,363
8880,207
8882,227
8883,196
8884,63
8886,268
8887,266
8888,185
8889,235
8890,441
8892,202
8893,80
8894,311
8896,335
8898,361
8900,245
8902,51
8905,152
8906,311
8907,128
8908,277
8909,88
8910,284
8911,282
8912,122
8913,97
8914,161
8915,58
8916,78
8918,171
8919,287
8920,350
8921,309
8923,309
8925,111
8928,352
8929,293
8930,287
8931,71
8935,61
8936,182
8937,182
8938,48
8939,455
8941,254
8942,163
8943,282
8944,189
8945,214
8946,196
8947,318
8950,185
8951,99
8952,354
8953,122
8954,319
8956,279
8959,74
8960,121
8961,286
8962,311
8963,79
8964,57
8965,46
8966,259
8967,71
8968,36
8971,56
8972,185
8973,313
8974,104
8976,42
8977,59
8978,395
8979,322
8981,270
8983,119
8984,109
8985,397
8987,211
8989,319
8991,330
8992,291
8993,439
8995,380
8996,262
8999,174
9000,355
9001,443
9005,309
9007,349
9008,249
9009,388
9011,183
9012,175
9013,359
9015,186
9016,377
9017,74
9018,38
9019,169
9020,421
9021,386
9022,313
9026,168
9027,355
9030,295
9031,414
9032,61
9033,71
9035,335
9036,147
9038,317
9044,180
9045,150
9047,171
9052,382
9053,234
9055,148
9056,123
9057,130
9058,341
9059,269
9060,344
9063,414
9067,312
9069,156
9071,285
9072,367
9074,99
9075,326
9076,281
9078,134
9080,432
9081,466
9082,306
9083,251
9084,262
9085,398
9087,132
9089,432
9090,59
9091,155
9093,278
9094,127
9095,228
9098,200
9099,68
9100,311
9101,397
9102,115
9106,135
9110,258
9112,57
9113,210
9114,342
9116,385
9117,268
9118,288
9119,326
9120,391
9122,132
9123,208
9126,341
9129,361
9130,49
9131,382
9132,433
9133,413
9134,322
9135,347
9136,51
9137,101
9138,188
9141,275
9142,281
9143,326
9144,389
9145,193
9146,303
9147,145
9148,297
9149,401
9151,134
9152,137
9153,318
9155,324
9156,251
9157,200
9161,103
9162,307
9163,211
9164,430
9166,346
9167,78
9168,109
9169,280
9170,225
9171,424
9172,235
9173,208
9175,357
9176,96
9177,51
9180,265
9183,319
9184,420
9185,196
9187,72
9188,298
9189,155
9190,390
9191,357
9193,266
9195,348
9196,87
9198,369
9199,320
9200,282
9203,381
9204,217
9207,169
9208,309
9209,262
9210,292
9211,256
9212,337
9213,381
9215,345
9216,85
9217,175
9218,252
9219,230
9220,64
9221,283
9222,367
9223,84
9224,329
9225,333
9226,346
9228,362
9229,314
9230,257
9232,315
9233,62
9234,386
9235,82
9236,291
9237,198
9238,103
9241,129
9242,142
9243,251
9245,158
9246,298
9248,275
9249,128
9251,91
9253,266
9254,251
9256,371
9257,422
9259,415
9262,124
9263,301
9264,102
9265,263
9266,305
9269,167
9270,95
9274,364
9275,181
9276,364
9277,224
9279,402
9280,197
9281,371
9283,266
9284,353
9285,315
9288,117
9289,100
9291,295
9293,240
9294,363
9295,393
9297,129
9299,419
9300,80
9301,409
9303,183
9304,103
9305,472
9306,398
9307,353
9308,269
9310,226
9312,128
9313,304
9314,142
9316,315
9317,72
9318,163
9319,333
9320,338
9321,124
9324,105
9326,202
9329,88
9330,39
9332,308
9334,356
9336,435
9337,89
9338,339
9340,131
9341,178
9343,198
9344,176
9346,338
9347,221
9350,430
9351,218
9352,146
9355,280
9356,164
9357,345
9358,166
9361,341
9362,44
9363,252
9364,401
9368,160
9371,320
9373,74
9374,97
9376,334
9377,281
9378,108
9379,137
9381,249
9382,368
9383,324
9384,226
9385,95
9386,375
9387,347
9389,109
9394,174
9395,127
9396,414
9397,135
9398,371
9399,288
9401,174
9402,199
9404,137
9407,206
9408,84
9409,278
9410,311
9412,266
9413,125
9414,72
9415,358
9416,225
9418,349
9419,247
9420,302
9421,41
9422,132
9425,55
9427,221
9428,139
9430,370
9435,256
9436,256
9437,411
9439,235
9442,223
9444,321
9445,115
9446,241
9447,390
9448,67
9449,167
9450,439
9451,55
9452,218
9453,218
9454,252
9456,248
9458,434
9459,189
9460,279
9462,346
9463,322
9464,143
9465,292
9466,413
9468,305
9469,253
9470,97
9472,33
9473,369
9474,362
9476,155
9477,236
9478,113
9480,358
9481,381
9482,429
9490,305
9491,417
9492,422
9493,407
9494,229
9496,262
9497,376
9498,96
9499,239
9500,366
9501,392
9502,357
9503,436
9505,300
9506,289
9508,363
9509,152
9510,78
9513,151
9514,239
9515,112
9517,339
9518,200
9519,393
9520,406
9521,265
9522,270
9525,448
9526,207
9527,295
9528,207
9529,232
9530,200
9531,368
9532,138
9533,395
9534,79
9535,215
9536,178
9537,363
9538,278
9539,367
9540,55
9541,274
9543,367
9545,136
9549,288
9550,292
9552,182
9556,260
9557,73
9558,342
9561,304
9562,381
9563,356
9565,138
9567,255
9568,146
9569,409
9571,145
9573,179
9574,222
9579,289
9580,369
9581,299
9583,196
9584,269
9585,320
9588,270
9589,246
9590,133
9591,87
9593,310
9594,178
9596,367
9597,375
9598,120
9599,166
9600,90
9601,76
9602,181
9603,38
9605,381
9606,259
9608,135
9609,201
9610,219
9611,373
9612,240
9614,94
9615,87
9616,49
9617,377
9618,98
9619,309
9620,251
9621,184
9623,248
9624,184
9627,290
9633,411
9635,83
9639,351
9640,195
9641,178
9643,403
9645,197
9650,135
9652,84
9655,214
9656,119
9657,187
9659,209
9664,426
9666,217
9667,315
9668,80
9674,409
9675,279
9676,145
9678,54
9679,54
9680,140
9681,100
9683,238
9684,297
9685,264
9686,309
9687,211
9690,327
9692,370
9695,339
9697,249
9698,220
9700,326
9702,295
9703,424
9704,81
9705,287
9706,276
9712,329
9713,327
9714,395
9716,131
9718,377
9719,120
9721,278
9722,104
9723,292
9724,310
9725,95
9726,389
9727,409
9728,259
9729,381
9730,299
9731,174
9733,307
9734,191
9735,168
9737,452
9740,492
9741,215
9742,288
9744,155
9746,44
9747,157
9750,92
9753,401
9754,290
9756,112
9758,230
9759,111
9761,276
9762,375
9763,313
9765,207
9766,100
9768,302
9769,168
9771,348
9774,83
9775,175
9776,143
9779,69
9780,366
9781,65
9782,225
9784,128
9786,431
9788,101
9789,201
9791,82
9795,90
9796,448
9797,71
9799,158
9800,349
9802,272
9805,297
9807,57
9808,171
9810,304
9811,373
9812,279
9814,280
9816,186
9817,81
9818,298
9820,96
9822,80
9824,117
9825,53
9828,273
9829,262
9830,229
9831,142
9833,180
9834,170
9835,152
9836,294
9837,234
9838,106
9839,350
9840,408
9841,231
9843,396
9844,446
9846,45
9847,301
9848,152
9849,403
9850,311
9851,308
9852,204
9854,104
9855,298
9857,296
9860,214
9861,317
9862,225
9863,93
9866,287
9867,244
9868,119
9870,225
9871,64
9873,178
9875,320
9876,228
9877,253
9878,362
9880,288
9881,135
9882,32
9883,454
9885,242
9889,206
9891,270
9892,220
9894,63
9895,302
9898,70
9899,199
9901,58
9903,52
9904,290
9905,73
9907,163
9910,213
9911,255
9912,209
9913,43
9914,347
9915,322
9916,291
9917,56
9919,186
9922,279
9923,159
9924,346
9925,131
9927,421
9932,304
9933,430
9935,399
9939,379
9943,81
9944,383
9945,244
9946,364
9947,229
9949,295
9951,200
9952,258
9954,249
9955,128
9956,218
9961,67
9962,380
9963,223
9964,104
9966,388
9967,228
9968,317
9970,263
9971,42
9972,265
9975,396
9977,448
9978,143
9979,136
9980,300
9981,95
9985,345
9989,79
9991,180
9992,225
9993,427
9994,396
9995,311
9996,193
9997,312
9999,338
10000,415
10002,53
10003,237
10004,155
10005,140
10006,213
10007,138
10009,128
10010,80
10011,229
10012,111
10014,213
10015,407
10016,138
10017,436
10018,80
10020,166
10023,263
10025,270
10027,239
10028,325
10029,354
10030,90
10031,465
10032,203
10033,358
10034,200
10035,358
10036,52
10037,159
10039,359
10041,296
10042,182
10043,300
10044,116
10045,73
10046,247
10048,175
10049,174
10050,418
10053,335
10054,383
10056,390
10057,239
10058,262
10059,413
10060,417
10061,309
10063,85
10065,255
10066,425
10068,126
10069,282
10071,261
10072,299
10074,95
10076,378
10077,201
10078,264
10079,390
10080,173
10081,180
10083,70
10084,239
10085,339
10086,264
10089,246
10090,383
10091,372
10092,237
10094,79
10095,69
10097,439
10098,175
10099,325
10100,74
10101,210
10104,352
10106,279
10108,147
10109,386
10111,235
10113,270
10114,218
10115,52
10116,319
10117,188
10118,318
10119,364
10122,263
10123,68
10124,284
10130,152
10132,334
10133,213
10134,236
10135,353
10137,221
10138,288
10139,304
10140,71
10141,201
10142,73
10143,408
10145,69
10146,128
10147,162
10149,181
10151,225
10152,61
10154,355
10155,264
10157,357
10160,384
10161,221
10162,331
10165,375
10166,475
10168,187
10169,371
10170,296
10172,402
10174,112
10175,116
10176,277
10177,180
10181,257
10182,331
10183,289
10184,316
10187,64
10188,432
10190,383
10193,184
10196,233
10197,244
10198,127
10199,284
10200,100
10201,303
10204,267
10205,97
10208,231
10209,122
10211,47
10212,335
10213,277
10214,186
10215,338
10216,158
10217,142
10218,232
10220,110
10222,94
10225,433
10227,293
10228,261
10229,62
10231,307
10232,223
10235,266
10236,259
10237,222
10239,186
10240,222
10242,242
10243,232
10244,405
10245,313
10246,300
10247,69
10248,267
10251,382
10252,134
10254,96
10255,146
10256,262
10258,152
10259,245
10260,327
10262,247
10266,163
10268,65
10269,390
10270,401
10271,198
10274,310
10275,104
10276,259
10277,233
10279,209
10280,279
10282,352
10283,325
10284,253
10285,146
10286,232
10291,341
10292,162
10293,387
10294,182
10297,248
10298,324
10299,64
10300,304
10301,153
10306,183
10307,408
10308,198
10309,195
10310,323
10311,170
10313,122
10314,387
10315,168
10317,101
10318,389
10319,98
10320,404
10321,266
10322,275
10323,213
10324,275
10325,244
10326,281
10327,118
10328,204
10330,301
10332,63
10335,273
10336,392
10337,252
10338,401
10339,167
10340,148
10342,171
10343,281
10344,242
10345,94
10346,405
10347,84
10348,307
10349,384
10350,229
10352,299
10353,271
10355,267
10358,240
10359,111
10360,91
10361,292
10362,406
10364,300
10367,121
10368,287
10373,146
10374,371
10376,252
10377,314
10378,225
10379,383
10381,165
10382,199
10383,205
10384,49
10386,361
10387,366
10388,61
10389,181
10393,157
10395,137
10397,238
10399,355
10402,289
10403,206
10404,363
10405,358
10407,341
10411,60
10413,159
10414,167
10416,310
10418,175
10420,209
10422,187
10423,124
10427,305
10434,187
10436,200
10438,80
10439,433
10442,421
10443,192
10444,292
10445,190
10446,400
10447,291
10448,200
10449,166
10450,204
10451,115
10452,255
10454,278
10456,211
10457,253
10458,136
10459,47
10460,353
10461,90
10463,191
10464,247
10465,416
10466,154
10469,419
10471,130
10473,178
10476,164
10478,325
10479,246
10480,166
10481,242
10482,121
10483,198
10484,81
10487,314
10488,286
10489,50
10491,344
10493,167
10494,134
10496,109
10497,135
10499,298
10501,244
10502,317
10504,328
10506,249
10507,344
10509,267
10510,266
10511,281
10512,384
10513,201
10514,354
10515,193
10516,221
10518,148
10520,416
10524,437
10525,72
10527,66
10528,81
10529,283
10530,369
10531,351
10534,297
10535,99
10536,180
10538,188
10539,357
10540,209
10543,214
10544,354
10549,136
10550,417
10551,282
10552,196
10554,50
10557,149
10558,159
10559,269
10560,178
10561,400
10562,383
10563,378
10564,207
10565,233
10567,334
10568,45
10570,103
10572,453
10573,140
10574,66
10575,152
10576,254
10577,244
10579,406
10582,246
10583,90
10584,460
10585,320
10587,203
10588,43
10591,179
10593,136
10594,331
10595,176
10597,263
10599,338
10601,136
10604,349
10605,299
10606,291
10607,120
10608,73
10610,137
10611,221
10612,52
10613,223
10614,312
10616,178
10620,294
10621,359
10622,80
10623,196
10625,124
10628,153
10629,67
10633,396
10635,35
10636,186
10637,128
10639,240
10641,237
10642,342
10645,319
10647,83
10649,414
10650,343
10654,238
10655,92
10656,155
10657,47
10658,358
10659,192
10660,80
10661,97
10662,64
10664,60
10665,310
10667,264
10668,355
10669,116
10673,335
10674,151
10676,66
10677,315
10678,178
10679,161
10680,84
10682,85
10683,388
10686,310
10687,421
10688,199
10691,166
10692,348
10695,103
10696,59
10697,197
10699,304
10700,256
10703,96
10706,320
10707,379
10710,455
10711,58
10712,305
10714,171
10720,267
10723,220
10724,246
10726,88
10727,172
10732,228
10733,186
10734,402
10735,227
10736,350
10737,42
10738,49
10739,188
10742,265
10743,413
10746,198
10748,318
10749,365
10750,68
10753,365
10754,131
10755,165
10756,336
10757,304
10759,110
10762,313
10764,395
10765,146
10766,59
10767,149
10768,382
10769,124
10770,168
10772,66
10773,233
10774,111
10775,82
10776,117
10777,56
10778,235
10782,245
10783,49
10785,191
10786,71
10788,88
10790,130
10791,323
10792,375
10793,184
10795,325
10796,114
10797,206
10799,327
10801,141
10802,85
10804,275
10805,334
10806,111
10808,149
10809,225
10810,236
10812,253
10813,301
10814,298
10815,446
10816,443
10818,93
10819,418
10820,109
10821,346
10822,249
10823,280
10824,224
10825,212
10829,177
10830,58
10831,154
10832,275
10835,268
10836,384
10837,249
10839,234
10840,364
10841,215
10845,316
10846,316
10847,119
10849,283
10850,310
10851,227
10852,60
10853,115
10854,97
10855,361
10857,164
10858,245
10861,108
10862,72
10863,375
10866,72
10867,141
10870,102
10872,111
10873,305
10874,155
10875,200
10878,196
10879,392
10881,134
10882,396
10883,262
10886,286
10887,323
10888,224
10889,184
10890,230
10894,250
10897,370
10899,249
10900,227
10905,280
10906,114
10907,50
10908,85
10910,440
10911,169
10912,123
10914,396
10915,119
10916,405
10918,163
10919,457
10920,253
10921,55
10922,304
10924,121
10925,303
10927,79
10930,415
10931,67
10932,332
10933,134
10934,357
10935,327
10936,406
10937,314
10939,288
10940,150
10941,430
10942,234
10944,268
10945,314
10946,129
10949,311
10953,321
10954,118
10955,396
10957,71
10958,241
10960,128
10962,99
10964,290
10965,350
10967,108
10969,110
10970,258
10971,145
10972,95
10973,80
10980,54
10981,299
10982,41
10983,264
10984,371
10985,386
10987,380
10988,439
10992,76
10993,67
10994,44
10996,359
10997,54
10999,90
11000,164
11001,148
11005,172
11006,356
11007,330
11009,174
11010,454
11011,424
11012,141
11013,83
11014,300
11015,394
11016,213
11018,401
11020,172
11022,174
11023,224
11024,356
11026,127
11029,41
11030,381
11032,148
11033,156
11034,140
11035,90
11036,144
11037,185
11038,318
11039,410
11040,82
11041,161
11042,161
11043,117
11044,149
11046,394
11047,166
11048,191
11050,86
11051,84
11052,132
11054,243
11056,322
11058,239
11059,156
11061,272
11065,402
11067,71
11068,115
11071,73
11072,121
11074,262
11075,49
11076,131
11077,203
11078,321
11079,228
11080,347
11084,48
11085,263
11093,254
11095,325
11096,400
11097,126
11099,247
11100,119
11102,348
11103,167
11104,54
11105,204
11106,136
11107,140
11109,48
11110,106
11111,55
11112,281
11113,69
11114,389
11115,132
11116,303
11117,113
11119,54
11120,273
11121,230
11123,70
11124,322
11125,216
11127,299
11129,271
11130,404
11131,360
11132,261
11134,419
11136,159
11137,263
11138,140
11139,327
11140,333
11141,391
11142,152
11148,105
11149,254
11150,109
11152,81
11153,150
11154,330
11156,112
11158,101
11159,264
11160,355
11161,272
11162,205
11163,86
11164,200
11165,222
11167,329
11168,124
11169,101
11170,126
11171,301
11172,229
11173,143
11174,283
11175,194
11176,76
11178,175
11179,258
11181,120
11182,314
11183,357
11184,200
11186,35
11188,381
11189,410
11191,345
11192,224
11193,142
11194,347
11196,73
11198,130
11201,336
11203,51
11207,114
11208,112
11209,154
11211,333
11212,202
11214,147
11215,258
11216,175
11219,227
11221,137
11222,172
11225,234
11227,95
11228,396
11229,387
11232,435
11234,334
11235,168
11237,254
11239,322
11240,320
11244,118
11245,106
11246,281
11248,46
11249,374
11250,366
11251,310
11252,269
11254,161
11256,335
11259,210
11260,74
11262,248
11264,388
11265,323
11266,266
11267,63
11268,151
11269,165
11271,344
11272,301
11273,334
11274,115
11277,117
11278,218
11279,132
11280,377
11281,83
11282,122
11283,173
11284,363
11285,138
11286,355
11287,405
11288,112
11290,176
11292,416
11295,42
11296,300
11297,120
11298,158
11300,123
11302,244
11303,220
11304,129
11306,292
11307,128
11308,364
11310,298
11312,312
11313,185
11314,75
11316,314
11320,75
11322,255
11323,194
11324,195
11325,37
11326,221
11328,341
11329,335
11330,328
11331,413
11334,171
11335,148
11336,66
11337,112
11339,176
11340,217
11341,162
11342,171
11344,135
11346,293
11347,215
11348,402
11351,395
11352,267
11354,99
11355,210
11356,224
11357,64
11358,181
11360,231
11362,215
11363,300
11364,294
11365,403
11366,312
11368,247
11370,246
11371,85
11372,144
11376,351
11377,65
11378,422
11379,258
11380,362
11381,306
11382,222
11385,51
11386,292
11388,348
11390,52
11393,53
11394,390
11395,298
11400,113
11403,329
11404,262
11406,153
11407,90
11408,65
11409,251
11410,430
11411,98
11412,134
11413,349
11420,313
11422,192
11423,130
11424,198
11425,311
11426,78
11427,190
11428,303
11429,61
11431,449
11433,78
11437,372
11440,262
11441,332
11442,307
11443,56
11444,98
11445,169
11446,394
11447,125
11448,312
11449,421
11450,221
11451,210
11452,377
11454,241
11455,78
11456,326
11457,203
11458,194
11459,359
11461,277
11462,245
11464,281
11466,268
11467,399
11468,102
11469,107
11470,232
11471,367
11473,162
11474,317
11475,365
11478,306
11479,319
11481,43
11484,308
11485,228
11486,217
11487,320
11489,359
11491,114
11492,372
11493,280
11494,298
11495,94
11496,152
11499,242
11500,95
11502,206
11503,160
11504,219
11506,342
11507,335
11508,305
11510,480
11511,101
11513,317
11515,165
11516,416
11518,125
11520,339
11521,228
11522,201
11524,333
11525,424
11526,176
11527,285
11528,286
11530,329
11532,374
11533,264
11536,55
11540,378
11541,88
11543,345
11544,383
11545,48
11546,344
11547,85
11548,145
11549,56
11550,270
11554,99
11556,107
11557,48
11558,326
11559,199
11560,280
11561,273
11562,407
11563,342
11564,325
11565,101
11567,189
11568,74
11569,226
11570,96
11571,363
11576,314
11577,227
11578,249
11579,228
11581,224
11583,48
11584,95
11585,160
11586,309
11587,159
11588,273
11589,95
11590,281
11592,161
11594,206
11595,85
11596,143
11597,183
11598,215
11599,286
11600,234
11602,393
11603,229
11605,250
11607,97
11608,415
11609,305
11611,112
11613,121
11614,315
11617,212
11619,62
11620,328
11621,294
11624,411
11626,124
11627,275
11630,249
11632,366
11635,356
11636,103
11638,396
11639,441
11642,264
11644,39
11646,136
11652,464
11653,67
11654,202
11655,235
11657,325
11660,315
11662,190
11663,187
11665,373
11667,264
11668,304
11669,126
11670,176
11671,236
11672,205
11675,435
11676,187
11677,302
11678,138
11679,131
11680,256
11681,131
11682,218
11683,253
11684,211
11685,260
11686,336
11687,94
11689,235
11691,390
11692,297
11693,67
11697,259
11699,247
11701,388
11702,106
11703,72
11705,298
11706,59
11707,81
11708,180
11709,372
11712,268
11713,374
11715,381
11716,318
11718,258
11719,284
11720,233
11722,57
11723,353
11724,135
11725,376
11726,188
11728,225
11729,289
11731,65
11733,275
11734,282
11736,320
11737,54
11739,90
11742,89
11744,334
11745,179
11746,233
11747,75
11749,411
11751,384
11753,92
11754,366
11756,142
11758,150
11760,116
11765,459
11767,276
11770,276
11771,98
11774,388
11775,287
11776,167
11778,155
11779,90
11780,423
11784,397
11786,386
11787,260
11788,270
11789,337
11790,44
11791,409
11792,412
11793,434
11794,372
11795,88
11798,75
11799,198
11801,300
11803,89
11804,306
11805,215
11806,161
11808,309
11809,420
11810,394
11811,305
11812,224
11813,107
11814,331
11815,78
11817,407
11819,64
11821,49
11822,242
11823,370
11824,55
11826,112
11827,96
11830,417
11831,359
11833,78
11835,246
11837,138
11839,249
11840,73
11843,133
11845,167
11846,107
11847,138
11849,249
11854,296
11856,436
11857,217
11858,327
11860,397
11861,182
11862,63
11868,72
11869,208
11870,215
11871,202
11872,400
11873,268
11874,96
11875,52
11879,243
11882,356
11884,343
11885,90
11888,358
11889,167
11891,206
11892,245
11893,75
11898,56
11901,322
11902,193
11903,282
11904,40
11905,440
11908,63
11911,415
11913,175
11914,96
11915,197
11919,242
11921,105
11922,273
11923,169
11924,233
11925,433
11926,239
11928,358
11929,215
11930,292
11931,324
11935,404
11936,126
11938,140
11939,363
11941,187
11942,275
11943,138
11944,321
11946,245
11947,263
11948,388
11949,183
11953,405
11954,318
11956,180
11957,212
11958,222
11959,211
11961,327
11962,205
11964,249
11966,307
11967,193
11968,254
11969,178
11971,339
11973,241
11975,349
11976,375
11977,429
11979,483
11980,140
11981,391
11982,303
11983,293
11984,374
11985,276
11986,315
11988,344
11990,300
11991,88
11992,381
11993,332
11994,248
11997,211
11998,373
11999,159
12001,119
12002,220
12005,156
12011,363
12012,353
12013,184
12016,141
12017,159
12019,237
12020,144
12021,271
12022,349
12023,49
12024,278
12025,308
12026,415
12027,64
12028,213
12030,45
12031,80
12036,247
12038,176
12039,244
12041,423
12043,199
12044,123
12045,299
12047,113
12048,74
12049,259
12052,205
12053,134
12054,418
12055,198
12056,369
12057,150
12058,237
12059,374
12060,102
12061,359
12062,289
12064,51
12065,237
12066,303
12067,74
12068,368
12069,229
12070,266
12071,156
12073,206
12074,195
12075,207
12078,102
12079,138
12082,145
12084,347
12089,91
12090,369
12092,229
12093,159
12094,256
12096,222
12097,294
12098,147
12099,335
12101,64
12102,215
12103,312
12104,143
12105,314
12107,248
12109,399
12110,437
12111,151
12113,351
12114,45
12116,100
12117,105
12118,264
12119,279
12120,143
12122,317
12125,303
12126,177
12127,80
12128,354
12129,58
12132,441
12133,279
12136,381
12140,215
12142,337
12143,270
12144,129
12145,133
12146,268
12147,56
12148,289
12150,324
12151,86
12152,91
12154,114
12156,385
12160,153
12162,77
12163,354
12164,329
12165,233
12167,198
12168,200
12169,384
12170,335
12173,155
12174,403
12175,73
12176,110
12177,321
12178,239
12180,124
12181,296
12183,378
12184,185
12185,360
12189,335
12190,61
12191,199
12192,200
12194,265
12195,377
12196,178
12197,244
12199,280
12200,66
12201,174
12204,56
12205,169
12206,330
12208,152
12209,91
12210,227
12211,156
12212,137
12213,150
12214,247
12217,242
12219,69
12220,189
12221,139
12224,254
12225,352
12226,101
12229,160
12230,201
12231,303
12233,128
12234,314
12237,233
12238,356
12241,423
12242,252
12243,314
12244,265
12246,351
12247,68
12248,250
12249,200
12250,386
12253,439
12254,433
12255,211
12256,223
12257,337
12258,424
12259,62
12260,89
12261,363
12262,109
12263,149
12267,145
12268,126
12269,269
12270,305
12271,160
12274,290
12276,53
12277,118
12278,360
12279,243
12280,337
12281,385
12282,392
12285,350
12287,217
12288,252
12289,55
12290,461
12291,101
12292,130
12293,168
12294,425
12295,331
12297,414
12298,111
12299,197
12300,376
12302,272
12303,199
12306,251
12307,164
12309,67
12311,155
12315,333
12316,270
12318,103
12319,221
12320,224
12324,121
12325,237
12328,305
12329,272
12330,140
12331,120
12332,418
12334,232
12335,245
12336,310
12337,205
12338,361
12339,58
12340,364
12341,72
12342,218
12343,343
12345,179
12346,126
12348,278
12349,40
12352,146
12353,128
12357,190
12359,76
12362,124
12367,125
12368,124
12369,126
12370,131
12372,71
12373,160
12374,119
12378,175
12380,161
12382,269
12386,137
12387,174
12389,337
12390,134
12393,193
12394,64
12395,254
12396,458
12397,115
12398,178
12400,203
12401,200
12402,168
12403,219
12404,310
12405,139
12406,262
12407,129
12408,104
12410,207
12411,347
12413,215
12414,174
12416,255
12417,149
12418,455
12420,364
12425,126
12427,90
12429,204
12430,233
12432,192
12433,289
12434,150
12435,306
12436,221
12438,366
12439,146
12440,155
12442,110
12443,52
12444,321
12445,295
12446,221
12448,478
12449,336
12450,215
12451,331
12452,414
12453,336
12454,187
12455,236
12456,375
12459,332
12460,92
12461,145
12463,375
12464,234
12466,223
12467,336
12468,134
12469,48
12470,421
12471,230
12473,302
12474,366
12475,323
12476,179
12477,226
12479,77
12480,266
12482,88
12483,164
12484,45
12485,341
12486,215
12487,264
12488,427
12490,162
12491,52
12492,113
12493,317
12495,226
12496,296
12499,306
12500,280
12501,320
12503,343
12505,191
12506,229
12509,368
12512,269
12513,118
12514,209
12515,132
12516,153
12517,383
12518,412
12521,296
12523,62
12524,137
12525,164
12526,144
12527,374
12528,51
12529,348
12530,81
12532,391
12534,312
12535,186
12538,158
12539,72
12542,162
12544,324
12545,308
12546,380
12547,198
12551,339
12552,231
12553,293
12555,86
12556,61
12558,327
12559,80
12560,342
12561,225
12564,349
12565,266
12566,300
12567,341
12568,292
12569,262
12570,232
12571,189
12572,337
12575,210
12576,244
12577,182
12578,289
12579,48
12582,87
12583,62
12584,386
12585,185
12586,147
12587,225
12588,221
12590,413
12591,240
12594,355
12595,326
12596,303
12597,129
12600,365
12601,222
12602,356
12603,50
12604,451
12606,157
12607,163
12609,307
12610,127
12611,136
12614,324
12616,266
12618,226
12621,148
12622,432
12623,309
12624,209
12626,115
12628,341
12630,51
12631,265
12632,249
12633,338
12634,368
12638,143
12639,109
12641,75
12644,233
12645,144
12646,293
12647,276
12650,373
12651,49
12652,221
12653,421
12654,385
12655,381
12656,309
12661,346
12663,116
12664,83
12665,233
12668,117
12669,312
12670,376
12671,145
12673,210
12675,324
12676,121
12677,190
12678,92
12679,342
12681,249
12682,165
12686,160
12688,319
12689,441
12692,429
12693,251
12694,163
12695,172
12696,271
12697,163
12703,209
12704,120
12706,50
12707,238
12710,265
12711,326
12713,57
12715,416
12716,263
12717,84
12719,287
12720,365
12724,379
12725,144
12726,307
12728,86
12729,387
12731,168
12732,166
12733,335
12734,76
12735,117
12736,329
12737,173
12738,244
12739,244
12740,141
12741,398
12742,234
12743,364
12744,61
12745,321
12746,324
12747,238
12748,159
12749,225
12750,161
12751,242
12752,212
12753,314
12754,93
12755,155
12757,355
12758,87
12759,121
12760,186
12761,175
12762,208
12764,325
12766,118
12767,318
12768,328
12771,89
12774,240
12775,336
12779,396
12780,242
12782,63
12783,249
12784,426
12785,389
12786,217
12787,392
12788,56
12789,72
12794,135
12795,135
12798,106
12799,241
12800,311
12801,346
12803,373
12804,366
12807,401
12808,389
12809,432
12811,384
12812,255
12813,300
12815,266
12816,67
12817,233
12818,247
12819,211
12820,312
12821,198
12822,69
12823,149
12824,271
12825,204
12828,172
12830,345
12831,369
12835,148
12836,147
12840,62
12841,58
12842,400
12843,205
12844,104
12845,243
12847,169
12848,340
12849,171
12850,277
12852,162
12854,80
12855,333
12856,393
12857,265
12862,229
12863,410
12864,405
12865,429
12866,136
12868,268
12873,120
12875,194
12877,147
12879,357
12880,46
12884,422
12885,169
12886,143
12887,52
12888,126
12889,121
12891,184
12893,236
12894,368
12895,294
12896,355
12898,293
12900,283
12901,337
12902,313
12903,339
12904,249
12905,181
12906,332
12907,214
12908,316
12909,98
12910,101
12911,174
12914,196
12915,293
12916,198
12917,151
12918,213
12920,394
12921,383
12922,161
12923,51
12924,298
12928,174
12929,76
12930,229
12931,215
12933,50
12934,270
12935,102
12936,220
12937,242
12938,259
12939,269
12940,41
12941,195
12943,167
12944,163
12945,368
12946,304
12952,270
12953,347
12958,232
12961,72
12962,260
12963,235
12964,277
12965,92
12966,137
12967,166
12968,113
12969,302
12970,52
12971,356
12972,438
12973,205
12976,263
12978,368
12979,387
12980,441
12981,325
12982,109
12983,417
12984,312
12985,388
12986,113
12987,209
12989,70
12990,100
12992,156
12993,165
12994,103
12996,368
12997,164
12998,241
12999,352
13000,277
13001,78
13002,231
13003,106
13005,332
13006,363
13007,217
13008,474
13010,351
13013,235
13017,110
13018,424
13019,198
13020,270
13021,402
13022,64
13024,182
13026,463
13027,418
13029,61
13030,414
13031,171
13032,321
13033,119
13035,178
13039,108
13041,181
13043,341
13044,43
13045,198
13046,288
13047,366
13048,244
13049,170
13052,54
13053,233
13054,89
13056,211
13057,326
13058,372
13059,85
13061,57
13063,94
13064,271
13066,107
13067,211
13069,287
13070,419
13071,200
13072,184
13077,319
13078,153
13079,317
13080,172
13082,401
13083,252
13084,92
13085,138
13086,380
13087,61
13088,138
13089,202
13091,116
13092,253
13093,201
13095,103
13097,147
13098,228
13100,193
13101,322
13102,154
13105,252
13106,401
13107,191
13112,365
13113,161
13114,150
13115,234
13116,188
13117,184
13118,198
13119,257
13120,353
13121,403
13122,100
13123,284
13125,191
13127,51
13128,94
13129,339
13130,113
13131,260
13132,355
13133,270
13136,360
13138,198
13139,69
13140,118
13141,125
13143,264
13144,59
13145,386
13146,195
13148,327
13149,301
13153,137
13155,82
13157,387
13158,255
13159,171
13160,345
13162,167
13163,399
13164,201
13166,395
13167,129
13168,230
13169,389
13170,273
13171,115
13173,428
13174,285
13178,403
13179,60
13181,338
13182,46
13183,103
13184,376
13185,195
13186,210
13187,97
13188,139
13190,120
13192,129
13196,289
13197,59
13199,201
13203,180
13206,66
13208,303
13209,118
13211,176
13212,373
13213,118
13215,351
13216,432
13217,115
13220,71
13221,319
13224,288
13225,215
13228,395
13229,119
13230,316
13231,244
13232,318
13233,241
13236,168
13237,202
13239,171
13240,309
13241,66
13242,413
13243,114
13244,272
13245,109
13246,170
13248,137
13249,253
13251,347
13252,195
13253,355
13254,169
13255,193
13256,230
13257,304
13258,130
13259,373
13260,129
13261,160
13263,202
13265,129
13266,239
13267,121
13270,147
13271,299
13272,165
13275,179
13277,99
13284,407
13287,218
13288,221
13289,366
13291,246
13292,152
13295,388
13296,335
13297,400
13298,94
13299,103
13301,105
13302,171
13303,198
13305,135
13306,265
13308,359
13309,213
13311,103
13313,184
13315,261
13316,267
13317,106
13318,71
13321,123
13324,297
13325,263
13326,303
13328,403
13329,164
13331,76
13332,226
13335,88
13336,118
13337,202
13339,176
13340,388
13341,319
13344,73
13346,51
13350,61
13352,384
13353,51
13354,109
13355,284
13358,104
13359,417
13362,51
13365,285
13369,129
13371,282
13372,377
13373,149
13376,102
13377,314
13379,354
13381,139
13382,472
13383,463
13385,60
13389,80
13390,91
13392,65
13393,78
13394,421
13396,318
13398,361
13399,324
13400,167
13401,235
13404,150
13405,65
13406,126
13408,154
13409,319
13411,223
13412,189
13413,156
13415,399
13416,62
13417,181
13418,72
13420,329
13421,189
13422,401
13423,332
13424,320
13426,93
13427,272
13429,323
13431,94
13434,417
13435,256
13436,199
13438,48
13440,257
13442,206
13443,190
13445,84
13446,321
13447,122
13449,327
13451,163
13452,72
13454,342
13455,98
13456,54
13457,103
13459,51
13460,112
13461,166
13462,208
13464,244
13465,129
13467,300
13468,253
13469,306
13470,188
13471,262
13472,432
13473,387
13474,294
13475,261
13476,48
13477,242
13479,265
13481,254
13482,351
13483,139
13486,134
13488,207
13489,274
13491,119
13493,210
13494,85
13496,343
13498,384
13500,51
13502,171
13504,132
13505,378
13506,374
13507,365
13509,184
13510,131
13511,85
13515,177
13516,183
13517,193
13518,135
13521,387
13522,310
13523,336
13526,173
13527,299
13528,210
13529,112
13530,287
13531,109
13534,314
13536,258
13539,153
13540,125
13544,351
13545,342
13546,338
13547,283
13551,366
13552,180
13554,393
13558,45
13560,100
13561,214
13563,294
13564,342
13566,256
13567,220
13568,154
13570,47
13571,229
13572,258
13573,178
13578,72
13580,246
13583,264
13585,186
13587,363
13588,47
13589,199
13592,194
13596,142
13597,171
13598,95
13599,239
13600,253
13601,324
13603,338
13604,329
13605,185
13606,303
13607,352
13609,154
13611,222
13612,196
13613,258
13614,157
13615,157
13616,390
13617,338
13618,114
13619,180
13621,153
13623,71
13624,402
13625,211
13626,259
13628,383
13629,148
13630,118
13631,280
13632,197
13633,142
13634,346
13635,205
13637,452
13638,157
13639,404
13640,281
13641,159
13642,320
13645,149
13646,395
13651,296
13654,132
13655,384
13656,134
13659,256
13663,97
13664,343
13665,58
13666,183
13667,72
13668,100
13669,225
13671,229
13672,230
13673,70
13675,182
13676,185
13677,320
13679,259
13680,267
13681,325
13682,46
13683,228
13684,58
13685,363
13686,274
13688,330
13689,296
13690,203
13692,204
13693,197
13694,186
13695,410
13697,56
13700,291
13701,158
13704,373
13707,322
13708,64
13709,235
13710,67
13711,93
13712,251
13713,253
13714,381
13717,231
13718,146
13720,152
13722,312
13723,373
13724,349
13727,32
13729,299
13730,155
13731,215
13732,270
13733,331
13737,321
13738,433
13739,400
13740,110
13741,380
13742,157
13743,197
13745,361
13747,271
13748,400
13749,110
13751,186
13753,207
13754,121
13756,114
13757,393
13759,55
13760,199
13761,106
13763,312
13764,226
13770,157
13773,244
13774,227
13775,359
13776,218
13777,196
13779,301
13780,160
13781,347
13782,70
13783,161
13784,327
13787,338
13789,230
13790,165
13791,55
13792,210
13794,250
13796,262
13798,238
13801,181
13802,226
13804,279
13805,133
13807,77
13809,159
13811,149
13816,65
13817,189
13819,437
13821,260
13823,342
13824,320
13825,390
13826,243
13827,306
13830,123
13831,40
13832,297
13833,113
13835,60
13836,341
13840,300
13842,129
13843,66
13844,328
13847,404
13848,64
13849,71
13852,331
13854,50
13855,81
13857,310
13858,316
13860,272
13861,150
13862,306
13863,142
13866,292
13867,337
13868,150
13871,136
13872,340
13873,365
13874,340
13875,279
13876,405
13877,276
13879,109
13880,252
13881,336
13882,235
13883,169
13884,208
13885,285
13886,37
13887,71
13888,352
13890,85
13891,229
13893,251
13894,380
13895,127
13896,364
13898,378
13899,116
13900,150
13901,262
13902,343
13906,135
13908,343
13909,345
13911,268
13913,354
13914,109
13915,50
13916,105
13917,176
13920,283
13921,287
13922,164
13923,173
13924,430
13928,240
13930,245
13931,215
13932,55
13933,355
13934,86
13940,228
13941,115
13942,211
13944,183
13945,336
13946,388
13947,79
13948,174
13949,319
13951,223
13952,241
13953,148
13956,401
13957,82
13959,385
13960,297
13961,87
13963,180
13965,251
13966,261
13967,189
13968,378
13969,327
13971,147
13972,84
13973,269
13978,122
13979,424
13980,190
13981,218
13982,357
13983,99
13984,51
13985,236
13987,74
13988,69
13989,94
13990,312
13991,339
13992,184
13996,343
13997,121
13998,272
14000,193
14001,289
14002,254
14003,64
14004,233
14005,284
14006,93
14009,329
14012,242
14014,461
14015,155
14016,426
14017,62
14019,282
14020,49
14021,276
14022,230
14023,469
14024,348
14025,397
14026,108
14027,339
14028,324
14029,274
14030,223
14031,428
14032,257
14034,282
14035,308
14036,363
14039,220
14040,65
14041,293
14042,65
14043,186
14044,137
14046,285
14047,321
14048,170
14050,84
14051,406
14052,280
14053,287
14054,268
14055,355
14056,370
14057,374
14059,270
14060,375
14061,139
14063,70
14064,128
14065,105
14067,356
14069,67
14071,301
14074,132
14075,194
14077,271
14079,82
14081,149
14082,346
14084,292
14087,276
14088,208
14090,157
14091,337
14092,92
14093,86
14094,284
14095,340
14097,248
14098,296
14099,171
14100,120
14101,315
14102,295
14103,373
14107,286
14108,306
14110,386
14111,114
14112,378
14113,269
14115,121
14116,402
14117,340
14118,151
14119,207
14123,268
14125,132
14127,243
14128,236
14130,64
14131,361
14134,326
14135,391
14136,83
14137,175
14138,178
14141,300
14142,230
14145,57
14146,208
14147,64
14148,169
14149,350
14150,99
14151,60
14152,358
14153,104
14154,73
14155,412
14156,253
14157,308
14158,83
14159,357
14160,103
14161,118
14163,302
14164,148
14167,253
14169,72
14173,269
14175,306
14177,246
14180,373
14181,184
14182,313
14183,86
14184,229
14185,202
14187,156
14189,128
14190,327
14191,295
14193,317
14194,442
14196,395
14197,240
14198,85
14199,447
14200,347
14201,65
14202,413
14203,133
14206,387
14208,244
14209,224
14210,285
14211,212
14213,126
14214,318
14215,64
14216,143
14217,325
14218,70
14219,188
14220,319
14221,229
14222,190
14224,337
14225,153
14226,98
14227,352
14228,252
14229,417
14233,372
14234,307
14235,245
14236,412
14238,432
14239,257
14240,121
14243,146
14244,160
14246,249
14247,300
14249,140
14251,63
14253,308
14255,73
14259,250
14261,244
14262,90
14263,192
14264,287
14267,333
14268,125
14269,385
14274,133
14275,293
14276,441
14278,145
14279,87
14280,44
14281,248
14282,207
14283,204
14284,313
14285,123
14286,90
14287,198
14288,86
14290,343
14291,259
14292,335
14293,264
14294,184
14295,84
14296,53
14298,215
14301,340
14304,183
14305,126
14306,417
14310,208
14311,189
14313,51
14315,200
14316,217
14317,130
14319,153
14320,62
14321,195
14322,181
14324,397
14325,283
14326,408
14327,259
14328,140
14329,226
14331,304
14332,380
14334,203
14337,212
14338,343
14340,402
14344,118
14345,195
14346,219
14347,248
14349,230
14350,290
14351,106
14352,292
14353,404
14354,192
14355,168
14356,147
14359,208
14361,166
14362,63
14363,203
14364,215
14365,213
14366,343
14367,404
14368,70
14370,113
14371,353
14374,69
14375,218
14377,219
14378,233
14379,313
14380,283
14381,129
14382,177
14383,48
14384,193
14385,168
14387,143
14389,118
14390,303
14391,301
14392,306
14394,314
14395,49
14399,288
14400,304
14402,203
14404,217
14406,179
14410,64
14411,365
14412,164
14413,421
14414,106
14415,145
14416,57
14417,331
14419,380
14420,107
14425,246
14426,105
14429,205
14431,147
14432,156
14433,340
14434,379
14435,75
14436,83
14437,141
14438,165
14440,342
14441,175
14442,193
14443,63
14444,358
14445,78
14447,170
14448,459
14449,94
14450,48
14453,96
14458,177
14459,181
14460,65
14462,149
14463,203
14464,283
14465,87
14466,362
14467,108
14468,175
14469,122
14470,289
14474,167
14475,209
14477,217
14478,54
14479,119
14480,68
14481,152
14482,290
14485,370
14486,319
14487,248
14488,192
14489,95
14490,57
14492,143
14493,431
14495,161
14496,52
14497,319
14498,224
14499,138
14503,272
14504,242
14507,36
14508,408
14509,227
14510,225
14512,424
14513,130
14514,191
14515,267
14517,94
14518,90
14520,436
14521,116
14522,244
14523,205
14527,214
14528,61
14529,296
14530,119
14532,46
14534,346
14538,325
14539,165
14540,247
14541,246
14543,242
14544,217
14545,207
14546,233
14547,231
14550,108
14551,338
14552,78
14553,97
14554,122
14555,226
14556,255
14558,176
14559,270
14561,113
14565,180
14566,266
14568,342
14569,70
14572,38
14573,297
14576,309
14578,232
14580,265
14581,307
14583,442
14584,108
14586,109
14587,75
14588,279
14589,52
14590,437
14591,110
14592,127
14593,210
14595,180
14596,83
14599,308
14600,108
14601,69
14602,300
14603,358
14604,117
14605,166
14608,396
14609,333
14610,329
14611,322
14612,190
14613,189
14614,96
14615,99
14616,342
14617,298
14619,197
14620,220
14621,300
14623,156
14624,158
14625,51
14626,237
14627,321
14628,163
14630,257
14631,150
14632,339
14634,212
14635,92
14636,170
14637,112
14638,165
14639,90
14640,87
14642,363
14643,61
14646,59
14647,185
14648,281
14649,40
14650,191
14651,58
14652,195
14653,244
14654,172
14655,232
14657,406
14658,145
14659,351
14660,297
14661,391
14662,395
14663,141
14664,273
14665,341
14667,170
14669,281
14671,405
14673,68
14674,211
14675,99
14676,120
14677,85
14678,116
14681,325
14684,275
14685,250
14686,83
14687,259
14688,378
14689,208
14690,386
14691,161
14692,196
14695,391
14696,204
14697,430
14698,337
14699,285
14700,145
14701,245
14702,115
14703,368
14704,67
14705,346
14706,98
14708,364
14710,241
14711,186
14712,99
14716,328
14717,231
14718,272
14719,134
14720,394
14721,75
14722,58
14723,187
14724,184
14725,50
14726,166
14729,166
14730,347
14731,408
14735,101
14736,160
14737,115
14739,197
14740,340
14742,265
14743,138
14744,254
14745,274
14748,387
14749,215
14750,139
14751,237
14753,330
14754,129
14756,386
14757,102
14758,138
14760,343
14763,208
14764,192
14765,218
14766,210
14767,199
14768,373
14770,392
14771,306
14772,185
14773,243
14774,94
14776,155
14777,204
14779,331
14780,326
14781,442
14782,375
14784,84
14788,94
14789,245
14790,77
14792,125
14793,321
14795,71
14796,235
14798,151
14799,146
14801,358
14804,86
14806,385
14807,56
14808,342
14809,136
14811,205
14813,108
14815,230
14816,373
14818,41
14820,216
14821,88
14822,111
14823,135
14824,111
14825,262
14826,346
14827,248
14828,295
14831,122
14832,145
14834,129
14835,278
14836,154
14839,213
14841,127
14843,335
14844,460
14849,99
14850,334
14851,260
14852,212
14853,185
14859,164
14860,298
14861,369
14862,99
14864,147
14865,281
14867,341
14868,333
14869,269
14870,219
14871,345
14872,387
14874,242
14875,357
14876,72
14877,80
14879,328
14880,47
14881,278
14884,357
14885,188
14886,409
14887,394
14889,178
14891,75
14894,317
14897,153
14898,411
14899,219
14902,148
14903,35
14904,394
14905,175
14907,265
14908,79
14910,116
14911,456
14912,313
14914,115
14915,286
14916,59
14917,343
14919,225
14920,266
14921,78
14922,67
14923,248
14924,329
14927,116
14928,116
14929,199
14932,114
14934,330
14935,234
14937,439
14938,321
14939,335
14945,277
14947,146
14948,404
14950,94
14951,96
14953,302
14954,118
14955,173
14956,322
14959,111
14960,319
14963,278
14965,338
14966,149
14967,401
14969,406
14976,115
14977,104
14979,404
14980,377
14981,438
14983,284
14984,88
14985,119
14988,135
14993,192
14995,323
14997,108
14999,164
